customer_id,tenure_months,avg_order_value,purchase_freq_per_month,support_tickets_last_6m,last_purchase_days_ago,total_orders,total_spent,is_vip,churn
CUST100000,39,73.96,0.17,1,311,7,517.72,0,0
CUST100001,52,82.03,0.21,0,119,11,902.33,0,0
CUST100002,29,121.52,1.61,0,380,47,5711.44,1,0
CUST100003,15,45.05,0.2,0,134,3,135.15,0,0
CUST100004,43,104.53,0.52,1,129,22,2299.66,0,0
CUST100005,8,68.58,0.53,0,8,4,274.32,0,0
CUST100006,21,73.52,0.44,0,51,9,661.68,0,0
CUST100007,39,95.24,0.62,0,341,24,2285.76,0,1
CUST100008,58,41.32,0.23,0,281,13,537.16,0,0
CUST100009,19,86.47,0.5,0,175,10,864.7,0,0
CUST100010,23,79.99,0.33,0,183,8,639.92,0,0
CUST100011,11,89.77,0.64,0,192,7,628.39,0,1
CUST100012,11,83.68,0.18,0,249,2,167.36,0,1
CUST100013,24,148.66,0.52,0,235,12,1783.92,0,0
CUST100014,53,55.87,0.2,0,83,11,614.57,0,0
CUST100015,36,59.07,0.26,0,93,9,531.63,0,0
CUST100016,40,56.31,0.22,2,373,9,506.79,0,1
CUST100017,24,58.34,0.2,0,394,5,291.7,0,1
CUST100018,3,55.88,0.97,0,312,3,167.64,0,1
CUST100019,22,110.67,0.27,0,268,6,664.02,0,0
CUST100020,53,117.62,1.41,1,120,75,8821.5,1,0
CUST100021,2,57.88,1.85,0,71,4,231.52,0,0
CUST100022,24,50.03,0.52,1,17,12,600.36,0,0
CUST100023,44,89.14,0.18,0,253,8,713.12,0,0
CUST100024,30,58.43,0.33,0,122,10,584.3,0,0
CUST100025,38,93.99,0.9,0,380,34,3195.66,0,0
CUST100026,2,81.09,0.33,0,10,1,81.09,0,0
CUST100027,60,29.53,0.15,2,287,9,265.77,0,1
CUST100028,21,121.43,0.51,0,316,11,1335.73,0,1
CUST100029,33,128.88,1.03,1,326,34,4381.92,0,0
CUST100030,12,56.62,0.89,0,273,11,622.82,0,1
CUST100031,58,63.37,0.2,0,306,12,760.44,0,0
CUST100032,22,83.58,0.66,0,293,15,1253.7,0,1
CUST100033,44,85.03,0.22,1,210,10,850.3,0,0
CUST100034,25,94.76,0.22,0,218,6,568.56,0,0
CUST100035,49,135.31,1.14,0,241,56,7577.36,1,0
CUST100036,27,69.69,0.24,0,374,6,418.14,0,1
CUST100037,59,51.05,0.25,0,200,15,765.75,0,0
CUST100038,42,33.62,0.1,0,216,4,134.48,0,0
CUST100039,28,53.07,1.12,1,205,31,1645.17,0,0
CUST100040,60,74.01,0.89,0,216,53,3922.53,0,0
CUST100041,16,128.84,0.59,0,80,9,1159.56,0,0
CUST100042,15,59.47,0.79,1,267,12,713.64,0,1
CUST100043,47,81.71,0.18,0,390,8,653.68,0,0
CUST100044,51,74.51,0.41,0,379,21,1564.71,0,0
CUST100045,44,110.65,0.32,0,35,14,1549.1,0,0
CUST100046,55,150.81,0.15,0,289,8,1206.48,0,0
CUST100047,52,59.07,0.43,0,18,22,1299.54,0,0
CUST100048,57,60.32,1.37,0,165,78,4704.96,0,0
CUST100049,3,106.32,0.12,0,13,0,0.0,0,0
CUST100050,37,95.46,0.27,1,202,10,954.6,0,0
CUST100051,51,130.4,0.22,0,229,11,1434.4,0,0
CUST100052,7,92.52,0.24,0,346,2,185.04,0,0
CUST100053,21,64.22,1.3,0,366,27,1733.94,0,1
CUST100054,9,92.72,0.42,0,1,4,370.88,0,0
CUST100055,39,108.26,0.41,0,319,16,1732.16,0,1
CUST100056,18,99.61,0.81,2,217,15,1494.15,0,0
CUST100057,4,90.22,0.18,0,34,1,90.22,0,0
CUST100058,25,107.0,0.43,0,359,11,1177.0,0,0
CUST100059,60,110.08,0.38,1,266,23,2531.84,0,0
CUST100060,14,116.46,0.55,0,128,8,931.68,0,0
CUST100061,50,94.46,3.96,1,212,198,18703.08,1,0
CUST100062,58,69.99,0.83,1,263,48,3359.52,0,0
CUST100063,9,79.4,0.35,1,312,3,238.2,0,1
CUST100064,26,111.2,0.98,0,80,25,2780.0,0,1
CUST100065,53,50.49,0.19,0,165,10,504.9,0,0
CUST100066,2,86.06,0.12,0,252,0,0.0,0,1
CUST100067,20,63.2,0.21,1,12,4,252.8,0,0
CUST100068,28,75.86,0.31,0,304,9,682.74,0,0
CUST100069,47,113.35,0.46,0,212,22,2493.7,0,0
CUST100070,60,80.73,0.58,0,282,35,2825.55,0,0
CUST100071,7,76.39,1.31,0,112,9,687.51,0,0
CUST100072,44,34.2,0.46,0,211,20,684.0,0,1
CUST100073,8,97.39,0.45,0,378,4,389.56,0,0
CUST100074,47,94.36,0.13,1,239,6,566.16,0,0
CUST100075,35,139.9,0.12,0,268,4,559.6,0,1
CUST100076,14,65.77,0.5,1,298,7,460.39,0,0
CUST100077,17,81.57,0.39,1,317,7,570.99,0,0
CUST100078,36,82.48,1.01,0,58,36,2969.28,0,0
CUST100079,50,122.32,0.19,0,34,10,1223.2,0,0
CUST100080,40,72.14,0.11,0,263,4,288.56,0,0
CUST100081,4,83.37,0.4,0,365,2,166.74,0,0
CUST100082,2,93.24,0.24,0,35,0,0.0,0,0
CUST100083,6,80.6,0.13,1,271,1,80.6,0,1
CUST100084,54,61.61,0.74,0,227,40,2464.4,0,1
CUST100085,42,80.82,0.16,0,25,7,565.74,0,0
CUST100086,4,107.21,0.57,1,234,2,214.42,0,0
CUST100087,54,44.2,0.26,0,59,14,618.8,0,0
CUST100088,29,78.99,0.2,0,251,6,473.94,0,1
CUST100089,18,54.0,0.34,0,335,6,324.0,0,0
CUST100090,26,110.85,0.91,0,86,24,2660.4,0,0
CUST100091,44,29.3,0.35,1,251,15,439.5,0,1
CUST100092,34,58.23,0.79,1,390,27,1572.21,0,0
CUST100093,10,86.32,0.17,0,180,2,172.64,0,0
CUST100094,36,121.97,0.84,1,207,30,3659.1,0,0
CUST100095,14,73.03,0.24,1,344,3,219.09,0,0
CUST100096,31,58.34,0.67,1,149,21,1225.14,0,0
CUST100097,48,131.43,0.52,0,71,25,3285.75,0,0
CUST100098,15,31.56,1.42,0,121,21,662.76,0,0
CUST100099,8,9.04,0.34,0,253,3,27.12,0,0
CUST100100,14,88.2,0.13,0,93,2,176.4,0,0
CUST100101,23,59.94,0.11,0,256,3,179.82,0,0
CUST100102,60,44.36,0.98,0,254,59,2617.24,0,0
CUST100103,57,96.25,0.47,0,352,27,2598.75,0,0
CUST100104,40,82.31,0.85,1,288,34,2798.54,0,1
CUST100105,21,58.08,0.23,0,309,5,290.4,0,0
CUST100106,16,36.59,0.31,0,59,5,182.95,0,0
CUST100107,45,101.17,0.12,0,69,5,505.85,0,0
CUST100108,18,94.51,1.73,0,388,31,2929.81,0,0
CUST100109,47,72.02,0.65,0,86,31,2232.62,0,0
CUST100110,53,130.4,1.45,2,274,77,10040.8,1,0
CUST100111,24,42.9,0.25,0,227,6,257.4,0,0
CUST100112,26,29.23,0.57,0,81,15,438.45,0,0
CUST100113,25,54.24,0.67,0,114,17,922.08,0,0
CUST100114,60,73.63,0.29,0,184,17,1251.71,0,0
CUST100115,60,82.3,1.04,0,280,62,5102.6,1,1
CUST100116,60,67.76,1.57,0,322,94,6369.44,1,0
CUST100117,45,85.56,1.18,0,397,53,4534.68,0,1
CUST100118,41,37.45,0.77,0,318,32,1198.4,0,0
CUST100119,29,118.31,0.26,1,54,8,946.48,0,0
CUST100120,15,72.54,0.27,2,399,4,290.16,0,0
CUST100121,45,108.52,1.75,0,197,79,8573.08,1,0
CUST100122,1,85.28,0.11,0,387,0,0.0,0,0
CUST100123,25,88.7,0.73,2,293,18,1596.6,0,1
CUST100124,7,92.09,0.71,0,293,5,460.45,0,0
CUST100125,9,88.43,0.59,1,387,5,442.15,0,0
CUST100126,24,94.28,2.41,1,291,58,5468.24,1,0
CUST100127,1,114.87,0.29,0,180,0,0.0,0,0
CUST100128,44,80.9,0.31,0,380,14,1132.6,0,0
CUST100129,8,96.27,0.14,0,222,1,96.27,0,1
CUST100130,24,72.31,0.39,0,274,9,650.79,0,0
CUST100131,11,118.2,0.25,0,378,3,354.6,0,0
CUST100132,51,54.71,0.31,1,244,16,875.36,0,1
CUST100133,17,129.03,1.0,1,154,17,2193.51,0,0
CUST100134,8,73.8,1.47,1,304,12,885.6,0,0
CUST100135,35,32.08,0.2,0,273,7,224.56,0,1
CUST100136,35,78.84,0.33,0,135,12,946.08,0,0
CUST100137,33,54.57,1.42,0,313,47,2564.79,0,1
CUST100138,59,100.22,0.13,1,8,8,801.76,0,0
CUST100139,5,55.42,0.15,0,128,1,55.42,0,0
CUST100140,42,61.61,0.19,0,373,8,492.88,0,0
CUST100141,39,18.31,0.55,0,56,21,384.51,0,1
CUST100142,58,61.43,0.18,0,126,10,614.3,0,0
CUST100143,41,5.0,1.82,0,159,75,375.0,0,0
CUST100144,28,27.48,0.4,0,59,11,302.28,0,0
CUST100145,7,97.81,0.45,0,58,3,293.43,0,0
CUST100146,9,98.57,0.24,1,140,2,197.14,0,0
CUST100147,8,87.76,0.42,0,176,3,263.28,0,0
CUST100148,12,45.99,0.64,0,108,8,367.92,0,0
CUST100149,34,73.57,0.8,0,211,27,1986.39,0,0
CUST100150,33,74.89,0.8,0,74,26,1947.14,0,0
CUST100151,48,40.25,0.53,0,167,25,1006.25,0,0
CUST100152,55,120.1,1.27,1,357,70,8407.0,1,0
CUST100153,23,101.32,0.95,2,304,22,2229.04,0,0
CUST100154,24,68.37,0.81,0,233,19,1299.03,0,0
CUST100155,37,75.81,0.13,0,327,5,379.05,0,1
CUST100156,35,81.25,0.1,2,372,4,325.0,0,1
CUST100157,44,13.75,0.22,1,182,10,137.5,0,1
CUST100158,40,67.58,0.64,2,122,26,1757.08,0,0
CUST100159,22,54.54,0.36,0,334,8,436.32,0,0
CUST100160,27,44.95,0.36,0,203,10,449.5,0,0
CUST100161,35,66.57,1.18,0,29,41,2729.37,0,0
CUST100162,1,128.93,1.23,1,202,1,128.93,0,0
CUST100163,35,94.23,1.3,0,93,46,4334.58,0,0
CUST100164,37,57.86,0.29,0,329,11,636.46,0,0
CUST100165,47,92.18,0.69,1,356,32,2949.76,0,0
CUST100166,14,116.98,0.26,0,176,4,467.92,0,0
CUST100167,3,102.74,0.21,0,330,1,102.74,0,1
CUST100168,1,76.79,0.2,2,211,0,0.0,0,0
CUST100169,5,55.59,0.31,0,184,2,111.18,0,0
CUST100170,26,95.95,0.38,0,95,10,959.5,0,0
CUST100171,55,86.8,0.99,0,273,54,4687.2,0,1
CUST100172,14,101.86,0.16,0,137,2,203.72,0,0
CUST100173,39,94.06,0.76,1,237,30,2821.8,0,0
CUST100174,27,106.49,0.48,1,353,13,1384.37,0,0
CUST100175,9,58.94,0.27,0,265,2,117.88,0,1
CUST100176,15,114.52,0.44,0,135,7,801.64,0,1
CUST100177,15,80.93,0.28,0,144,4,323.72,0,0
CUST100178,26,137.26,0.55,0,19,14,1921.64,0,0
CUST100179,42,54.32,0.38,0,231,16,869.12,0,0
CUST100180,60,127.08,0.19,0,134,11,1397.88,0,1
CUST100181,13,80.94,0.16,0,114,2,161.88,0,0
CUST100182,51,55.46,0.5,0,139,26,1441.96,0,0
CUST100183,32,60.48,1.26,1,125,40,2419.2,0,0
CUST100184,39,65.39,0.31,1,204,12,784.68,0,1
CUST100185,49,87.72,0.76,1,61,37,3245.64,0,0
CUST100186,52,90.69,0.64,1,250,33,2992.77,0,0
CUST100187,32,57.79,1.44,0,298,46,2658.34,0,1
CUST100188,4,74.27,0.96,0,13,4,297.08,0,0
CUST100189,30,139.27,0.52,0,396,16,2228.32,0,0
CUST100190,37,126.83,0.64,0,255,24,3043.92,0,1
CUST100191,23,88.09,1.24,0,85,29,2554.61,0,1
CUST100192,39,76.14,0.36,0,20,14,1065.96,0,0
CUST100193,45,78.6,0.3,1,50,14,1100.4,0,0
CUST100194,15,93.41,0.11,0,164,2,186.82,0,0
CUST100195,43,44.32,0.98,0,92,42,1861.44,0,1
CUST100196,29,67.28,0.91,0,88,26,1749.28,0,0
CUST100197,36,24.94,0.16,0,69,6,149.64,0,0
CUST100198,13,86.98,0.53,0,37,7,608.86,0,0
CUST100199,32,94.42,0.41,2,253,13,1227.46,0,0
CUST100200,7,60.5,0.16,0,252,1,60.5,0,1
CUST100201,59,122.22,2.07,1,140,122,14910.84,1,0
CUST100202,51,38.23,0.22,0,355,11,420.53,0,0
CUST100203,22,31.07,0.13,0,381,3,93.21,0,1
CUST100204,28,81.73,0.55,0,168,15,1225.95,0,0
CUST100205,2,106.41,0.77,0,54,2,212.82,0,0
CUST100206,42,125.52,0.12,0,386,5,627.6,0,0
CUST100207,45,61.23,0.64,0,178,29,1775.67,0,0
CUST100208,57,107.36,0.48,0,297,27,2898.72,0,1
CUST100209,53,73.84,0.15,0,301,8,590.72,0,1
CUST100210,6,69.82,0.19,0,359,1,69.82,0,0
CUST100211,28,101.51,0.52,0,106,15,1522.65,0,0
CUST100212,28,94.57,0.28,0,137,8,756.56,0,0
CUST100213,44,27.71,1.49,1,190,66,1828.86,0,1
CUST100214,44,119.3,0.95,0,128,42,5010.6,1,0
CUST100215,20,116.4,2.15,0,342,43,5005.2,1,0
CUST100216,30,56.23,0.25,0,47,8,449.84,0,0
CUST100217,11,86.87,1.85,1,5,20,1737.4,0,0
CUST100218,58,89.82,0.38,0,257,22,1976.04,0,1
CUST100219,55,82.82,0.31,1,300,17,1407.94,0,1
CUST100220,28,58.49,0.13,0,150,4,233.96,0,1
CUST100221,25,54.85,0.13,0,294,3,164.55,0,0
CUST100222,39,74.23,0.69,0,243,27,2004.21,0,0
CUST100223,33,110.18,0.41,0,275,14,1542.52,0,1
CUST100224,1,91.31,0.23,0,208,0,0.0,0,0
CUST100225,57,63.88,0.58,1,115,33,2108.04,0,0
CUST100226,27,98.15,0.25,0,195,7,687.05,0,0
CUST100227,57,5.0,0.53,0,343,30,150.0,0,0
CUST100228,52,109.46,0.32,1,170,17,1860.82,0,0
CUST100229,13,22.81,0.97,0,379,13,296.53,0,1
CUST100230,41,64.13,0.96,0,82,39,2501.07,0,0
CUST100231,3,41.41,0.42,0,154,1,41.41,0,0
CUST100232,39,36.16,0.32,0,141,12,433.92,0,0
CUST100233,6,109.82,0.33,0,314,2,219.64,0,1
CUST100234,8,60.97,0.92,0,146,7,426.79,0,0
CUST100235,27,85.4,0.3,0,323,8,683.2,0,0
CUST100236,9,73.59,0.22,1,122,2,147.18,0,0
CUST100237,37,89.31,0.14,1,252,5,446.55,0,0
CUST100238,33,77.3,0.41,0,343,14,1082.2,0,0
CUST100239,51,36.51,0.43,0,387,22,803.22,0,1
CUST100240,42,104.89,1.02,0,311,43,4510.27,0,0
CUST100241,44,60.19,0.23,0,89,10,601.9,0,0
CUST100242,24,28.3,0.34,0,58,8,226.4,0,0
CUST100243,15,62.16,0.93,0,63,14,870.24,0,0
CUST100244,59,120.02,0.97,0,347,57,6841.14,1,1
CUST100245,54,100.51,0.34,1,308,18,1809.18,0,0
CUST100246,32,64.54,0.41,0,382,13,839.02,0,1
CUST100247,32,64.52,0.28,0,280,9,580.68,0,0
CUST100248,24,65.35,1.45,1,72,35,2287.25,0,0
CUST100249,41,137.3,0.16,0,9,7,961.1,0,0
CUST100250,52,86.46,1.46,0,366,76,6570.96,1,0
CUST100251,49,87.9,0.68,0,94,33,2900.7,0,0
CUST100252,49,105.91,0.48,1,373,24,2541.84,0,0
CUST100253,58,82.16,0.12,0,339,7,575.12,0,1
CUST100254,52,67.23,0.42,0,336,22,1479.06,0,0
CUST100255,12,69.11,0.36,0,152,4,276.44,0,0
CUST100256,39,72.85,0.19,1,356,7,509.95,0,0
CUST100257,2,73.88,0.63,0,40,1,73.88,0,0
CUST100258,3,96.83,1.87,0,359,6,580.98,0,0
CUST100259,49,76.56,0.51,0,62,25,1914.0,0,0
CUST100260,37,96.98,0.73,1,254,27,2618.46,0,0
CUST100261,49,72.58,0.14,0,69,7,508.06,0,0
CUST100262,56,77.36,0.37,1,398,21,1624.56,0,1
CUST100263,17,15.05,0.16,0,245,3,45.15,0,0
CUST100264,59,102.49,0.57,0,365,34,3484.66,0,1
CUST100265,49,85.39,1.49,1,170,73,6233.47,1,0
CUST100266,2,104.94,0.64,0,178,1,104.94,0,0
CUST100267,2,5.0,0.14,0,189,0,0.0,0,1
CUST100268,28,137.65,0.32,0,260,9,1238.85,0,1
CUST100269,54,70.81,0.5,0,72,27,1911.87,0,0
CUST100270,23,108.25,0.36,0,17,8,866.0,0,0
CUST100271,37,43.8,1.0,0,370,37,1620.6,0,0
CUST100272,32,93.38,0.94,0,341,30,2801.4,0,0
CUST100273,33,43.4,0.57,0,57,19,824.6,0,0
CUST100274,1,56.29,0.33,2,218,0,0.0,0,0
CUST100275,19,132.42,0.25,0,107,5,662.1,0,0
CUST100276,2,69.28,0.16,0,304,0,0.0,0,0
CUST100277,53,81.52,0.32,0,173,17,1385.84,0,0
CUST100278,44,101.1,0.37,1,219,16,1617.6,0,1
CUST100279,26,89.87,0.66,0,247,17,1527.79,0,0
CUST100280,32,79.51,0.64,1,218,20,1590.2,0,0
CUST100281,6,85.95,0.14,0,373,1,85.95,0,1
CUST100282,32,147.1,0.35,0,31,11,1618.1,0,0
CUST100283,55,73.27,0.2,0,368,11,805.97,0,0
CUST100284,4,81.03,0.19,0,47,1,81.03,0,0
CUST100285,55,106.52,0.98,1,134,54,5752.08,1,0
CUST100286,11,108.17,0.12,0,108,1,108.17,0,0
CUST100287,56,110.61,0.37,1,72,21,2322.81,0,0
CUST100288,59,94.16,0.19,1,327,11,1035.76,0,1
CUST100289,17,40.71,1.16,2,108,20,814.2,0,0
CUST100290,38,124.0,0.51,2,309,19,2356.0,0,0
CUST100291,24,40.61,0.23,0,398,6,243.66,0,0
CUST100292,5,84.08,0.45,1,272,2,168.16,0,0
CUST100293,52,52.37,0.76,0,171,40,2094.8,0,1
CUST100294,34,73.08,1.69,1,116,57,4165.56,0,0
CUST100295,6,84.86,0.22,0,329,1,84.86,0,1
CUST100296,22,84.64,1.19,0,74,26,2200.64,0,0
CUST100297,11,87.66,1.46,0,256,16,1402.56,0,1
CUST100298,48,123.41,1.34,0,81,64,7898.24,1,0
CUST100299,16,88.61,0.6,0,268,10,886.1,0,0
CUST100300,33,67.68,0.6,1,128,20,1353.6,0,0
CUST100301,9,103.92,0.36,0,326,3,311.76,0,1
CUST100302,60,110.68,0.8,0,235,48,5312.64,1,0
CUST100303,59,38.17,0.48,0,41,28,1068.76,0,0
CUST100304,6,92.92,0.67,1,181,4,371.68,0,0
CUST100305,16,96.04,0.38,1,157,6,576.24,0,1
CUST100306,29,66.07,0.76,0,59,22,1453.54,0,0
CUST100307,3,116.27,0.97,0,345,3,348.81,0,0
CUST100308,20,70.5,0.18,0,249,4,282.0,0,0
CUST100309,60,78.77,0.99,0,192,59,4647.43,0,0
CUST100310,59,69.81,0.49,0,24,29,2024.49,0,0
CUST100311,36,75.47,1.03,0,80,37,2792.39,0,0
CUST100312,19,42.11,0.38,1,134,7,294.77,0,0
CUST100313,26,31.8,0.34,0,213,9,286.2,0,0
CUST100314,3,122.84,1.33,0,388,4,491.36,0,1
CUST100315,19,49.59,0.24,0,348,5,247.95,0,1
CUST100316,20,45.26,1.03,1,166,21,950.46,0,1
CUST100317,32,10.4,0.43,0,348,14,145.6,0,0
CUST100318,7,55.83,0.46,1,337,3,167.49,0,0
CUST100319,52,35.31,0.28,0,398,15,529.65,0,0
CUST100320,41,124.26,0.53,0,71,22,2733.72,0,0
CUST100321,33,105.29,0.3,0,214,10,1052.9,0,1
CUST100322,40,54.36,0.12,1,65,5,271.8,0,0
CUST100323,39,142.57,0.26,1,221,10,1425.7,0,1
CUST100324,18,104.45,0.1,0,308,2,208.9,0,1
CUST100325,40,65.26,2.02,1,286,81,5286.06,1,0
CUST100326,1,5.0,1.79,0,185,2,10.0,0,0
CUST100327,11,143.73,0.35,0,207,4,574.92,0,1
CUST100328,28,33.31,0.75,0,99,21,699.51,0,0
CUST100329,57,25.64,0.31,0,242,18,461.52,0,1
CUST100330,25,105.68,0.66,1,158,16,1690.88,0,0
CUST100331,50,148.19,0.92,0,98,46,6816.74,1,0
CUST100332,23,116.53,1.57,0,42,36,4195.08,0,0
CUST100333,31,91.92,0.36,0,139,11,1011.12,0,0
CUST100334,30,92.84,0.86,1,283,26,2413.84,0,0
CUST100335,42,100.6,0.25,0,227,10,1006.0,0,0
CUST100336,35,97.77,2.42,0,72,85,8310.45,1,0
CUST100337,7,83.44,0.11,0,243,1,83.44,0,0
CUST100338,60,78.13,0.56,0,18,34,2656.42,0,0
CUST100339,16,73.12,0.64,1,77,10,731.2,0,0
CUST100340,26,52.38,0.68,0,45,18,942.84,0,0
CUST100341,48,66.58,0.16,0,371,8,532.64,0,0
CUST100342,57,24.21,1.49,0,343,85,2057.85,0,1
CUST100343,52,72.05,0.2,1,140,10,720.5,0,0
CUST100344,60,45.34,0.59,1,177,35,1586.9,0,0
CUST100345,49,41.89,0.23,0,222,11,460.79,0,0
CUST100346,2,80.4,0.28,0,92,1,80.4,0,0
CUST100347,1,116.76,0.5,0,22,0,0.0,0,0
CUST100348,48,102.55,0.37,0,172,18,1845.9,0,0
CUST100349,12,27.88,0.19,1,92,2,55.76,0,0
CUST100350,5,45.31,0.19,0,192,1,45.31,0,0
CUST100351,37,103.22,0.37,2,77,14,1445.08,0,0
CUST100352,32,45.53,0.81,1,281,26,1183.78,0,1
CUST100353,59,68.26,1.24,0,364,73,4982.98,0,1
CUST100354,55,91.5,0.14,1,179,8,732.0,0,0
CUST100355,9,45.95,0.35,0,238,3,137.85,0,0
CUST100356,41,78.16,0.15,0,135,6,468.96,0,0
CUST100357,35,34.98,0.11,1,365,4,139.92,0,1
CUST100358,19,56.96,0.64,0,390,12,683.52,0,1
CUST100359,48,84.59,0.56,0,280,27,2283.93,0,0
CUST100360,16,27.21,0.19,0,19,3,81.63,0,0
CUST100361,3,88.21,0.23,0,83,1,88.21,0,0
CUST100362,20,74.41,0.11,0,228,2,148.82,0,1
CUST100363,24,91.57,1.0,1,371,24,2197.68,0,1
CUST100364,54,81.72,1.94,0,265,105,8580.6,1,0
CUST100365,56,115.92,0.17,0,112,10,1159.2,0,0
CUST100366,33,78.76,0.23,0,251,8,630.08,0,0
CUST100367,24,62.12,1.11,1,164,27,1677.24,0,0
CUST100368,52,78.67,1.4,0,358,73,5742.91,1,0
CUST100369,11,91.3,0.37,0,168,4,365.2,0,0
CUST100370,49,76.47,0.13,0,221,6,458.82,0,0
CUST100371,8,76.22,0.12,0,304,1,76.22,0,0
CUST100372,36,53.94,0.53,0,191,19,1024.86,0,0
CUST100373,38,55.11,0.35,0,325,13,716.43,0,0
CUST100374,40,32.92,0.11,0,170,4,131.68,0,0
CUST100375,20,127.49,0.54,0,375,11,1402.39,0,0
CUST100376,35,37.68,0.11,0,45,4,150.72,0,0
CUST100377,48,54.21,0.87,1,381,42,2276.82,0,1
CUST100378,25,53.45,0.28,0,14,7,374.15,0,0
CUST100379,35,101.85,0.12,0,231,4,407.4,0,0
CUST100380,25,66.15,0.54,0,157,14,926.1,0,0
CUST100381,29,112.43,0.35,1,134,10,1124.3,0,0
CUST100382,18,54.8,1.92,0,391,35,1918.0,0,1
CUST100383,46,83.37,0.49,0,37,23,1917.51,0,0
CUST100384,18,49.94,0.26,0,53,5,249.7,0,0
CUST100385,2,139.35,0.72,1,18,1,139.35,0,1
CUST100386,54,39.37,0.26,0,38,14,551.18,0,1
CUST100387,35,84.29,1.27,0,187,44,3708.76,0,1
CUST100388,16,94.01,0.33,1,385,5,470.05,0,0
CUST100389,41,87.41,0.5,1,196,20,1748.2,0,0
CUST100390,36,69.44,0.13,1,243,5,347.2,0,0
CUST100391,33,71.11,0.38,0,300,13,924.43,0,0
CUST100392,4,76.31,0.99,0,303,4,305.24,0,0
CUST100393,33,70.59,0.92,1,35,30,2117.7,0,0
CUST100394,14,103.92,0.23,0,215,3,311.76,0,0
CUST100395,21,141.32,0.23,0,219,5,706.6,0,1
CUST100396,48,58.28,0.95,0,316,46,2680.88,0,0
CUST100397,20,33.91,1.43,0,90,29,983.39,0,0
CUST100398,56,72.35,0.15,2,308,8,578.8,0,1
CUST100399,8,152.39,0.4,1,252,3,457.17,0,0
CUST100400,7,50.89,0.31,0,8,2,101.78,0,0
CUST100401,3,124.17,1.12,0,256,3,372.51,0,1
CUST100402,17,125.33,0.14,0,363,2,250.66,0,1
CUST100403,33,58.39,0.22,1,208,7,408.73,0,0
CUST100404,48,92.07,0.8,0,131,38,3498.66,0,0
CUST100405,12,123.85,0.13,0,224,2,247.7,0,0
CUST100406,59,63.63,0.44,0,197,26,1654.38,0,1
CUST100407,51,68.89,0.39,0,142,20,1377.8,0,0
CUST100408,22,57.55,0.3,2,252,7,402.85,0,0
CUST100409,55,44.56,0.35,0,96,19,846.64,0,0
CUST100410,22,55.52,0.48,0,26,11,610.72,0,0
CUST100411,46,38.28,0.19,0,111,9,344.52,0,0
CUST100412,30,76.02,0.52,0,123,16,1216.32,0,1
CUST100413,38,51.9,0.92,0,186,35,1816.5,0,0
CUST100414,38,82.01,0.81,1,168,31,2542.31,0,0
CUST100415,45,28.32,0.18,0,51,8,226.56,0,0
CUST100416,51,84.93,0.18,0,379,9,764.37,0,1
CUST100417,54,100.01,0.26,0,5,14,1400.14,0,0
CUST100418,8,15.19,0.32,0,77,3,45.57,0,0
CUST100419,27,86.22,0.36,1,160,10,862.2,0,0
CUST100420,27,111.83,0.67,1,208,18,2012.94,0,0
CUST100421,34,38.71,0.13,0,257,4,154.84,0,0
CUST100422,21,125.18,0.12,0,205,3,375.54,0,0
CUST100423,30,87.57,0.35,1,255,10,875.7,0,0
CUST100424,33,53.85,0.7,0,11,23,1238.55,0,0
CUST100425,28,73.33,0.21,0,8,6,439.98,0,0
CUST100426,47,91.75,0.61,0,32,29,2660.75,0,0
CUST100427,33,77.28,0.25,0,28,8,618.24,0,0
CUST100428,5,91.16,1.19,1,206,6,546.96,0,0
CUST100429,60,47.38,1.23,0,387,74,3506.12,0,0
CUST100430,48,80.08,0.28,0,228,13,1041.04,0,0
CUST100431,19,32.59,0.23,0,128,4,130.36,0,0
CUST100432,4,71.66,0.36,0,255,1,71.66,0,0
CUST100433,35,47.88,0.24,0,212,8,383.04,0,0
CUST100434,49,52.93,0.66,1,239,32,1693.76,0,0
CUST100435,17,112.08,0.97,0,207,16,1793.28,0,0
CUST100436,44,107.74,0.66,1,318,29,3124.46,0,0
CUST100437,28,93.27,0.97,0,283,27,2518.29,0,0
CUST100438,30,42.23,0.35,0,245,10,422.3,0,0
CUST100439,29,65.51,0.18,0,45,5,327.55,0,0
CUST100440,46,111.39,0.77,0,105,35,3898.65,0,0
CUST100441,53,79.25,0.32,0,348,17,1347.25,0,1
CUST100442,6,144.58,0.66,0,281,4,578.32,0,1
CUST100443,35,86.8,0.26,1,234,9,781.2,0,0
CUST100444,60,80.76,0.14,0,189,8,646.08,0,1
CUST100445,41,65.73,2.55,0,44,105,6901.65,1,0
CUST100446,37,79.01,0.18,0,225,7,553.07,0,0
CUST100447,24,70.43,2.33,0,142,56,3944.08,0,0
CUST100448,29,96.24,1.99,1,136,58,5581.92,1,0
CUST100449,49,103.7,0.89,0,176,44,4562.8,0,0
CUST100450,46,51.42,0.64,0,142,29,1491.18,0,0
CUST100451,53,35.06,0.53,0,80,28,981.68,0,0
CUST100452,31,19.91,1.11,0,82,34,676.94,0,0
CUST100453,35,90.24,0.27,0,135,9,812.16,0,1
CUST100454,60,41.9,0.42,0,207,25,1047.5,0,1
CUST100455,33,10.41,0.58,0,344,19,197.79,0,1
CUST100456,52,86.66,0.36,0,177,19,1646.54,0,1
CUST100457,21,149.79,0.38,1,383,8,1198.32,0,0
CUST100458,32,74.82,0.3,1,243,10,748.2,0,0
CUST100459,23,100.15,0.52,0,55,12,1201.8,0,0
CUST100460,33,77.45,1.05,0,141,35,2710.75,0,1
CUST100461,3,72.03,0.21,0,56,1,72.03,0,0
CUST100462,18,102.57,1.46,0,15,26,2666.82,0,0
CUST100463,25,66.29,0.68,0,185,17,1126.93,0,0
CUST100464,42,83.02,0.97,1,314,41,3403.82,0,0
CUST100465,31,84.65,0.51,0,88,16,1354.4,0,1
CUST100466,54,54.96,0.86,0,97,46,2528.16,0,0
CUST100467,58,104.76,0.11,0,144,6,628.56,0,1
CUST100468,3,69.75,0.95,1,8,3,209.25,0,0
CUST100469,40,52.33,0.12,0,215,5,261.65,0,0
CUST100470,46,91.1,1.2,0,173,55,5010.5,1,0
CUST100471,24,48.05,2.51,0,223,60,2883.0,0,0
CUST100472,50,75.85,0.27,1,40,14,1061.9,0,0
CUST100473,32,74.73,0.22,0,182,7,523.11,0,0
CUST100474,47,107.58,0.82,1,270,39,4195.62,0,1
CUST100475,22,89.24,0.25,0,187,6,535.44,0,0
CUST100476,23,74.25,1.1,0,245,25,1856.25,0,0
CUST100477,2,99.53,0.15,0,309,0,0.0,0,0
CUST100478,27,116.71,0.17,0,231,5,583.55,0,1
CUST100479,42,91.73,2.04,0,383,86,7888.78,1,0
CUST100480,2,75.31,0.66,0,155,1,75.31,0,1
CUST100481,26,35.64,1.04,0,175,27,962.28,0,0
CUST100482,17,43.05,0.3,1,336,5,215.25,0,1
CUST100483,40,65.84,0.66,0,115,26,1711.84,0,0
CUST100484,33,56.71,0.55,0,390,18,1020.78,0,0
CUST100485,9,69.39,0.56,0,311,5,346.95,0,1
CUST100486,43,76.7,0.67,0,300,29,2224.3,0,0
CUST100487,54,90.89,0.53,1,18,29,2635.81,0,0
CUST100488,48,72.89,0.38,0,272,18,1312.02,0,0
CUST100489,39,89.6,0.26,0,12,10,896.0,0,0
CUST100490,29,76.93,0.83,0,301,24,1846.32,0,1
CUST100491,42,15.74,0.23,0,192,10,157.4,0,0
CUST100492,55,46.82,0.69,0,232,38,1779.16,0,0
CUST100493,26,70.68,0.23,2,93,6,424.08,0,1
CUST100494,35,38.71,0.59,0,218,21,812.91,0,1
CUST100495,50,93.0,0.79,1,278,40,3720.0,0,1
CUST100496,25,120.92,0.22,0,353,6,725.52,0,0
CUST100497,24,111.56,0.13,0,303,3,334.68,0,1
CUST100498,13,68.6,0.17,1,29,2,137.2,0,0
CUST100499,60,119.72,0.57,0,301,34,4070.48,0,0
CUST100500,58,79.46,1.05,2,77,61,4847.06,0,0
CUST100501,7,64.89,0.12,0,9,1,64.89,0,0
CUST100502,57,56.6,0.76,0,24,43,2433.8,0,0
CUST100503,36,65.93,0.31,0,15,11,725.23,0,0
CUST100504,45,63.35,0.43,1,164,19,1203.65,0,1
CUST100505,20,80.11,1.42,0,13,28,2243.08,0,0
CUST100506,1,79.82,0.3,1,347,0,0.0,0,1
CUST100507,8,75.09,0.41,0,172,3,225.27,0,0
CUST100508,46,88.11,0.11,0,357,5,440.55,0,0
CUST100509,16,110.72,0.14,0,327,2,221.44,0,1
CUST100510,14,103.49,0.25,0,200,4,413.96,0,0
CUST100511,12,30.45,0.11,0,378,1,30.45,0,1
CUST100512,51,5.0,0.6,0,76,31,155.0,0,1
CUST100513,23,103.03,0.38,0,164,9,927.27,0,0
CUST100514,15,33.99,0.5,0,372,8,271.92,0,0
CUST100515,28,68.26,0.2,0,61,6,409.56,0,0
CUST100516,34,39.9,0.28,1,245,10,399.0,0,0
CUST100517,2,20.94,0.65,0,382,1,20.94,0,1
CUST100518,32,91.24,1.78,1,155,57,5200.68,1,0
CUST100519,23,97.77,0.13,2,257,3,293.31,0,1
CUST100520,22,57.7,1.21,1,244,27,1557.9,0,1
CUST100521,51,5.0,0.53,0,162,27,135.0,0,1
CUST100522,25,58.61,0.51,0,68,13,761.93,0,0
CUST100523,58,86.75,0.45,0,344,26,2255.5,0,1
CUST100524,22,30.63,0.14,1,277,3,91.89,0,1
CUST100525,58,80.5,0.15,0,161,9,724.5,0,0
CUST100526,58,74.54,0.56,0,391,32,2385.28,0,0
CUST100527,22,92.38,0.31,0,259,7,646.66,0,1
CUST100528,49,78.59,1.35,0,307,66,5186.94,1,0
CUST100529,52,45.81,0.36,0,335,19,870.39,0,0
CUST100530,42,110.9,0.18,1,95,8,887.2,0,0
CUST100531,6,70.24,0.73,1,246,4,280.96,0,0
CUST100532,15,74.18,0.27,1,221,4,296.72,0,0
CUST100533,54,47.0,0.47,0,123,25,1175.0,0,0
CUST100534,43,61.7,0.7,0,187,30,1851.0,0,1
CUST100535,60,48.46,1.25,1,262,75,3634.5,0,1
CUST100536,37,69.81,0.89,1,273,33,2303.73,0,1
CUST100537,33,126.35,0.66,0,373,22,2779.7,0,0
CUST100538,8,33.84,0.67,0,60,5,169.2,0,0
CUST100539,53,26.59,1.56,1,125,83,2206.97,0,0
CUST100540,60,119.14,0.28,2,337,17,2025.38,0,1
CUST100541,44,68.72,0.1,0,341,4,274.88,0,0
CUST100542,44,54.93,0.26,0,51,11,604.23,0,0
CUST100543,5,106.2,0.22,0,178,1,106.2,0,0
CUST100544,39,56.83,0.64,1,139,25,1420.75,0,0
CUST100545,4,129.78,0.6,0,327,2,259.56,0,1
CUST100546,6,95.34,0.55,1,170,3,286.02,0,0
CUST100547,45,60.36,0.11,0,39,5,301.8,0,0
CUST100548,32,139.72,0.75,0,69,24,3353.28,0,0
CUST100549,52,56.83,0.3,0,236,16,909.28,0,0
CUST100550,30,97.26,0.65,0,48,20,1945.2,0,0
CUST100551,47,83.98,0.51,1,381,24,2015.52,0,1
CUST100552,35,114.05,0.31,0,57,11,1254.55,0,0
CUST100553,55,121.85,0.17,0,277,9,1096.65,0,1
CUST100554,40,75.96,0.15,0,338,6,455.76,0,0
CUST100555,52,52.4,0.99,0,99,51,2672.4,0,1
CUST100556,16,88.8,1.35,1,15,22,1953.6,0,0
CUST100557,13,54.67,0.62,0,325,8,437.36,0,0
CUST100558,50,135.4,0.15,0,179,8,1083.2,0,0
CUST100559,60,79.1,0.36,0,332,22,1740.2,0,0
CUST100560,42,64.04,0.75,0,62,32,2049.28,0,0
CUST100561,30,80.54,0.86,0,119,26,2094.04,0,0
CUST100562,19,34.59,0.16,0,37,3,103.77,0,0
CUST100563,17,45.85,0.1,0,134,2,91.7,0,0
CUST100564,56,111.01,0.72,0,26,40,4440.4,0,0
CUST100565,19,55.29,0.32,0,8,6,331.74,0,0
CUST100566,28,43.59,0.25,1,4,7,305.13,0,0
CUST100567,58,91.1,0.11,0,21,6,546.6,0,0
CUST100568,55,110.57,0.49,0,149,27,2985.39,0,1
CUST100569,26,96.57,1.05,0,25,27,2607.39,0,0
CUST100570,37,104.88,1.68,0,143,62,6502.56,1,0
CUST100571,26,52.3,0.52,0,245,14,732.2,0,1
CUST100572,53,32.35,0.46,0,43,24,776.4,0,0
CUST100573,23,120.04,0.14,0,293,3,360.12,0,0
CUST100574,9,65.32,0.5,1,185,4,261.28,0,0
CUST100575,12,67.48,0.34,0,42,4,269.92,0,0
CUST100576,53,114.85,0.57,0,92,30,3445.5,0,0
CUST100577,1,91.69,0.35,0,317,0,0.0,0,0
CUST100578,58,88.68,0.24,0,398,14,1241.52,0,1
CUST100579,58,139.95,0.15,0,324,9,1259.55,0,0
CUST100580,1,55.69,0.29,0,53,0,0.0,0,1
CUST100581,47,102.84,0.15,1,84,7,719.88,0,0
CUST100582,34,76.71,0.2,0,34,7,536.97,0,0
CUST100583,32,83.06,2.28,0,76,73,6063.38,1,0
CUST100584,54,120.85,0.39,1,353,21,2537.85,0,1
CUST100585,48,90.24,0.48,0,197,23,2075.52,0,0
CUST100586,25,91.15,1.13,0,286,28,2552.2,0,0
CUST100587,40,107.18,2.81,0,88,112,12004.16,1,0
CUST100588,45,64.05,0.54,0,235,24,1537.2,0,0
CUST100589,53,49.82,0.94,0,232,50,2491.0,0,0
CUST100590,1,43.66,0.3,2,7,0,0.0,0,0
CUST100591,16,16.01,0.28,0,292,4,64.04,0,0
CUST100592,39,136.69,0.36,1,38,14,1913.66,0,0
CUST100593,5,41.9,0.66,0,52,3,125.7,0,1
CUST100594,22,68.36,0.67,0,143,15,1025.4,0,0
CUST100595,29,66.7,0.29,0,396,8,533.6,0,1
CUST100596,55,84.22,0.17,0,221,9,757.98,0,1
CUST100597,3,99.47,0.6,0,240,2,198.94,0,0
CUST100598,12,100.81,0.17,0,143,2,201.62,0,0
CUST100599,26,57.51,0.53,0,349,14,805.14,0,1
CUST100600,16,69.99,0.69,0,363,11,769.89,0,1
CUST100601,51,83.48,0.7,0,382,36,3005.28,0,0
CUST100602,37,67.54,0.8,1,49,30,2026.2,0,1
CUST100603,22,123.22,1.13,0,277,25,3080.5,0,0
CUST100604,57,89.73,0.45,2,271,26,2332.98,0,0
CUST100605,29,97.05,0.76,0,14,22,2135.1,0,0
CUST100606,14,94.89,0.58,1,298,8,759.12,0,0
CUST100607,28,110.2,0.2,2,15,6,661.2,0,0
CUST100608,5,80.43,0.11,0,234,1,80.43,0,0
CUST100609,47,36.1,0.27,0,63,13,469.3,0,0
CUST100610,49,86.99,0.39,0,196,19,1652.81,0,0
CUST100611,30,55.46,0.58,0,27,17,942.82,0,0
CUST100612,46,59.14,1.05,0,93,48,2838.72,0,0
CUST100613,52,92.59,0.21,0,105,11,1018.49,0,0
CUST100614,5,112.15,0.17,1,309,1,112.15,0,0
CUST100615,12,75.64,1.75,0,52,21,1588.44,0,0
CUST100616,16,84.26,0.16,0,319,3,252.78,0,0
CUST100617,26,126.07,0.43,0,181,11,1386.77,0,0
CUST100618,26,82.22,0.54,1,57,14,1151.08,0,0
CUST100619,48,153.05,0.49,1,120,24,3673.2,0,0
CUST100620,21,91.97,0.14,0,308,3,275.91,0,1
CUST100621,39,22.18,0.13,0,363,5,110.9,0,0
CUST100622,36,97.6,0.16,0,43,6,585.6,0,0
CUST100623,33,86.43,0.54,1,135,18,1555.74,0,0
CUST100624,30,113.69,0.49,1,373,15,1705.35,0,1
CUST100625,37,95.2,0.23,1,260,9,856.8,0,1
CUST100626,23,70.85,0.61,1,197,14,991.9,0,0
CUST100627,58,38.27,0.96,0,133,56,2143.12,0,0
CUST100628,10,68.73,0.12,0,255,1,68.73,0,1
CUST100629,54,49.48,0.44,1,220,24,1187.52,0,1
CUST100630,5,57.58,0.68,0,336,3,172.74,0,1
CUST100631,36,92.66,0.25,1,41,9,833.94,0,0
CUST100632,34,125.1,0.28,0,388,10,1251.0,0,1
CUST100633,52,86.84,0.58,0,255,30,2605.2,0,0
CUST100634,31,39.12,1.24,0,2,38,1486.56,0,0
CUST100635,10,88.34,0.93,1,195,9,795.06,0,0
CUST100636,58,110.9,0.54,0,242,31,3437.9,0,0
CUST100637,19,56.71,0.76,1,149,14,793.94,0,0
CUST100638,58,70.98,0.33,0,198,19,1348.62,0,0
CUST100639,32,75.44,0.61,0,299,20,1508.8,0,0
CUST100640,1,51.45,0.41,0,245,0,0.0,0,0
CUST100641,56,94.45,0.21,0,338,12,1133.4,0,1
CUST100642,5,71.37,0.7,1,108,4,285.48,0,0
CUST100643,45,87.59,0.51,0,393,23,2014.57,0,0
CUST100644,4,48.38,0.32,0,212,1,48.38,0,1
CUST100645,16,61.88,1.31,0,156,21,1299.48,0,0
CUST100646,24,96.67,0.11,2,26,3,290.01,0,0
CUST100647,16,63.82,0.29,1,82,5,319.1,0,0
CUST100648,55,126.81,0.13,0,83,7,887.67,0,0
CUST100649,2,63.01,0.83,0,131,2,126.02,0,0
CUST100650,49,81.74,0.71,0,329,35,2860.9,0,0
CUST100651,28,102.98,0.3,0,100,8,823.84,0,0
CUST100652,32,32.45,0.66,0,256,21,681.45,0,0
CUST100653,27,22.18,0.35,0,49,9,199.62,0,0
CUST100654,20,29.23,0.81,0,63,16,467.68,0,0
CUST100655,24,112.88,0.4,0,311,10,1128.8,0,1
CUST100656,12,58.44,0.37,0,290,4,233.76,0,1
CUST100657,50,151.75,1.46,0,105,73,11077.75,1,0
CUST100658,35,58.07,0.24,1,105,8,464.56,0,0
CUST100659,60,80.54,0.16,0,325,10,805.4,0,0
CUST100660,33,121.26,0.54,0,15,18,2182.68,0,0
CUST100661,33,135.18,1.84,2,175,61,8245.98,1,0
CUST100662,51,136.85,0.34,0,259,17,2326.45,0,0
CUST100663,43,111.25,0.13,1,211,6,667.5,0,0
CUST100664,37,105.72,0.31,0,259,11,1162.92,0,0
CUST100665,12,92.78,0.45,0,102,5,463.9,0,0
CUST100666,3,98.35,0.19,0,260,1,98.35,0,0
CUST100667,1,58.46,0.64,0,344,1,58.46,0,1
CUST100668,33,50.45,3.15,0,159,104,5246.8,1,0
CUST100669,40,74.9,0.4,0,45,16,1198.4,0,0
CUST100670,10,69.89,0.32,1,301,3,209.67,0,1
CUST100671,43,61.4,0.36,1,251,15,921.0,0,0
CUST100672,44,95.89,0.16,0,331,7,671.23,0,0
CUST100673,29,103.66,1.17,0,165,34,3524.44,0,0
CUST100674,13,77.65,0.37,1,193,5,388.25,0,0
CUST100675,12,119.33,0.34,0,9,4,477.32,0,0
CUST100676,31,40.75,0.64,1,374,20,815.0,0,0
CUST100677,46,69.19,0.39,1,65,18,1245.42,0,0
CUST100678,2,53.5,0.62,1,387,1,53.5,0,0
CUST100679,51,19.0,0.13,0,282,7,133.0,0,1
CUST100680,50,72.52,0.94,0,181,47,3408.44,0,1
CUST100681,35,71.35,1.51,0,282,53,3781.55,0,0
CUST100682,23,120.4,0.62,0,279,14,1685.6,0,1
CUST100683,17,93.92,1.65,0,30,28,2629.76,0,0
CUST100684,26,44.27,0.18,0,266,5,221.35,0,0
CUST100685,8,130.62,0.42,0,328,3,391.86,0,0
CUST100686,29,111.63,0.56,0,217,16,1786.08,0,1
CUST100687,26,92.46,0.54,0,320,14,1294.44,0,0
CUST100688,10,68.21,0.36,1,399,4,272.84,0,0
CUST100689,26,46.22,0.31,0,379,8,369.76,0,0
CUST100690,34,63.83,0.17,0,105,6,382.98,0,0
CUST100691,51,107.66,0.35,0,184,18,1937.88,0,0
CUST100692,41,131.54,0.19,0,330,8,1052.32,0,0
CUST100693,7,121.3,0.76,0,148,5,606.5,0,0
CUST100694,4,60.33,0.22,0,105,1,60.33,0,0
CUST100695,58,41.41,0.13,1,47,8,331.28,0,0
CUST100696,53,79.23,0.5,0,87,26,2059.98,0,0
CUST100697,50,21.95,0.55,0,309,28,614.6,0,0
CUST100698,45,84.7,1.13,0,129,51,4319.7,0,0
CUST100699,11,70.57,0.53,1,258,6,423.42,0,1
CUST100700,29,61.02,0.31,0,314,9,549.18,0,0
CUST100701,56,27.16,0.91,0,147,51,1385.16,0,0
CUST100702,36,90.41,0.49,0,72,18,1627.38,0,0
CUST100703,25,59.02,0.14,0,140,4,236.08,0,1
CUST100704,21,39.9,0.52,1,27,11,438.9,0,0
CUST100705,57,5.0,1.29,2,29,74,370.0,0,0
CUST100706,36,74.17,0.35,0,271,13,964.21,0,0
CUST100707,10,128.17,0.28,1,174,3,384.51,0,1
CUST100708,37,124.84,0.18,1,253,7,873.88,0,1
CUST100709,9,61.29,0.18,0,385,2,122.58,0,1
CUST100710,24,56.93,0.38,1,60,9,512.37,0,0
CUST100711,35,89.06,0.55,1,107,19,1692.14,0,0
CUST100712,49,45.05,0.14,0,220,7,315.35,0,0
CUST100713,35,84.05,1.5,0,259,52,4370.6,0,0
CUST100714,48,97.98,0.8,1,371,38,3723.24,0,0
CUST100715,36,111.81,0.54,0,146,19,2124.39,0,0
CUST100716,18,72.0,0.98,1,52,18,1296.0,0,0
CUST100717,49,68.89,0.14,1,60,7,482.23,0,0
CUST100718,39,48.66,0.42,1,34,16,778.56,0,0
CUST100719,32,50.19,0.6,2,96,19,953.61,0,0
CUST100720,24,68.21,0.98,0,89,24,1637.04,0,0
CUST100721,23,86.02,0.87,0,316,20,1720.4,0,0
CUST100722,32,102.41,0.26,0,231,8,819.28,0,1
CUST100723,37,50.9,1.51,1,275,56,2850.4,0,1
CUST100724,12,119.78,0.17,0,246,2,239.56,0,0
CUST100725,49,66.87,1.14,0,111,56,3744.72,0,0
CUST100726,55,74.36,1.87,2,234,103,7659.08,1,0
CUST100727,13,52.58,0.2,0,278,3,157.74,0,1
CUST100728,23,5.0,0.74,0,166,17,85.0,0,0
CUST100729,25,101.52,0.12,0,128,3,304.56,0,0
CUST100730,35,97.11,0.36,0,237,13,1262.43,0,1
CUST100731,41,66.56,0.46,0,291,19,1264.64,0,0
CUST100732,30,77.01,0.53,0,107,16,1232.16,0,0
CUST100733,17,90.48,1.47,0,128,25,2262.0,0,0
CUST100734,49,28.12,0.66,0,195,32,899.84,0,0
CUST100735,20,59.13,0.43,0,339,9,532.17,0,0
CUST100736,48,98.83,0.93,0,394,45,4447.35,0,1
CUST100737,25,37.37,1.6,1,143,40,1494.8,0,0
CUST100738,22,83.81,0.11,0,395,2,167.62,0,1
CUST100739,13,34.3,2.12,0,111,28,960.4,0,0
CUST100740,59,88.99,0.15,1,90,9,800.91,0,0
CUST100741,19,73.93,0.94,0,251,18,1330.74,0,0
CUST100742,49,26.55,0.26,0,280,13,345.15,0,0
CUST100743,36,109.94,0.17,0,333,6,659.64,0,0
CUST100744,12,52.96,0.39,0,224,5,264.8,0,0
CUST100745,41,50.69,0.62,0,101,25,1267.25,0,1
CUST100746,19,81.02,0.34,0,132,6,486.12,0,0
CUST100747,12,109.46,0.13,0,13,2,218.92,0,0
CUST100748,9,44.53,0.56,0,98,5,222.65,0,0
CUST100749,7,76.85,1.26,0,120,9,691.65,0,0
CUST100750,28,87.86,0.34,0,293,10,878.6,0,0
CUST100751,14,95.79,0.22,0,304,3,287.37,0,0
CUST100752,31,80.29,0.39,0,199,12,963.48,0,0
CUST100753,52,63.99,0.12,0,1,6,383.94,0,0
CUST100754,19,50.17,0.96,1,60,18,903.06,0,0
CUST100755,58,77.58,0.98,0,250,57,4422.06,0,0
CUST100756,47,42.84,0.54,1,140,25,1071.0,0,0
CUST100757,16,5.0,0.32,0,149,5,25.0,0,0
CUST100758,53,88.1,0.9,0,395,48,4228.8,0,1
CUST100759,5,102.12,0.5,2,44,2,204.24,0,0
CUST100760,35,5.0,0.97,0,371,34,170.0,0,0
CUST100761,12,44.71,0.6,0,186,7,312.97,0,0
CUST100762,25,93.57,0.87,0,108,22,2058.54,0,0
CUST100763,52,136.72,0.56,0,44,29,3964.88,0,0
CUST100764,59,75.62,0.37,0,78,22,1663.64,0,0
CUST100765,21,53.16,1.68,0,226,35,1860.6,0,0
CUST100766,36,69.51,0.49,1,162,18,1251.18,0,1
CUST100767,53,116.25,0.56,0,281,30,3487.5,0,1
CUST100768,23,55.62,0.22,0,253,5,278.1,0,0
CUST100769,16,51.02,0.59,1,132,9,459.18,0,0
CUST100770,57,60.52,0.52,0,372,30,1815.6,0,0
CUST100771,39,46.4,0.2,0,375,8,371.2,0,0
CUST100772,45,78.68,0.13,0,144,6,472.08,0,1
CUST100773,53,123.74,0.56,1,266,30,3712.2,0,1
CUST100774,42,84.69,0.82,0,109,34,2879.46,0,1
CUST100775,58,67.43,0.47,0,194,27,1820.61,0,1
CUST100776,39,66.25,0.23,0,35,9,596.25,0,1
CUST100777,14,28.1,0.65,1,390,9,252.9,0,0
CUST100778,31,101.49,0.14,0,275,4,405.96,0,0
CUST100779,58,72.66,0.39,0,187,23,1671.18,0,0
CUST100780,5,69.59,0.19,0,243,1,69.59,0,1
CUST100781,35,170.79,0.2,1,264,7,1195.53,0,0
CUST100782,23,83.96,0.21,1,10,5,419.8,0,0
CUST100783,29,52.45,0.34,0,166,10,524.5,0,0
CUST100784,43,62.21,0.13,0,29,6,373.26,0,0
CUST100785,11,109.45,0.35,0,271,4,437.8,0,1
CUST100786,18,78.4,0.46,0,87,8,627.2,0,0
CUST100787,47,31.85,0.43,0,23,20,637.0,0,0
CUST100788,12,102.58,0.34,0,210,4,410.32,0,0
CUST100789,9,54.96,1.01,0,46,9,494.64,0,0
CUST100790,10,131.2,0.18,0,28,2,262.4,0,0
CUST100791,58,107.4,0.45,0,26,26,2792.4,0,0
CUST100792,44,61.58,0.13,0,266,6,369.48,0,0
CUST100793,17,113.43,0.14,0,175,2,226.86,0,0
CUST100794,38,77.04,0.53,0,4,20,1540.8,0,0
CUST100795,7,100.58,0.52,1,311,4,402.32,0,0
CUST100796,46,89.54,1.15,1,322,53,4745.62,0,1
CUST100797,13,49.61,0.51,0,67,7,347.27,0,0
CUST100798,40,55.69,1.71,0,135,68,3786.92,0,0
CUST100799,42,105.9,0.12,0,55,5,529.5,0,0
CUST100800,9,64.96,0.15,0,31,1,64.96,0,0
CUST100801,50,62.89,0.12,0,74,6,377.34,0,0
CUST100802,27,46.35,0.2,0,19,5,231.75,0,0
CUST100803,58,87.71,0.49,0,156,28,2455.88,0,0
CUST100804,2,136.88,0.62,0,337,1,136.88,0,0
CUST100805,5,42.97,0.12,1,156,1,42.97,0,0
CUST100806,29,75.73,1.56,0,147,45,3407.85,0,0
CUST100807,37,117.37,1.02,0,87,38,4460.06,0,0
CUST100808,38,72.61,0.28,1,20,11,798.71,0,0
CUST100809,19,88.57,0.14,0,269,3,265.71,0,0
CUST100810,8,43.13,0.19,1,333,2,86.26,0,1
CUST100811,48,87.85,0.17,0,43,8,702.8,0,0
CUST100812,45,69.39,0.17,2,395,8,555.12,0,1
CUST100813,1,104.57,0.47,1,399,0,0.0,0,0
CUST100814,22,110.62,0.24,1,306,5,553.1,0,1
CUST100815,52,152.69,0.32,0,28,17,2595.73,0,0
CUST100816,17,92.39,2.38,0,260,40,3695.6,0,0
CUST100817,7,84.77,0.68,0,22,5,423.85,0,0
CUST100818,25,80.83,1.59,0,375,40,3233.2,0,1
CUST100819,45,64.41,0.18,0,101,8,515.28,0,0
CUST100820,4,85.15,0.34,0,39,1,85.15,0,0
CUST100821,36,66.14,0.5,0,290,18,1190.52,0,0
CUST100822,6,80.05,0.14,0,353,1,80.05,0,0
CUST100823,60,114.53,0.1,0,300,6,687.18,0,0
CUST100824,31,44.8,0.65,0,170,20,896.0,0,0
CUST100825,19,109.2,0.61,1,296,12,1310.4,0,1
CUST100826,44,114.51,0.36,1,353,16,1832.16,0,0
CUST100827,54,71.46,0.44,1,396,24,1715.04,0,0
CUST100828,39,11.34,0.37,0,130,14,158.76,0,1
CUST100829,27,56.77,0.11,0,156,3,170.31,0,0
CUST100830,10,113.91,0.3,1,74,3,341.73,0,0
CUST100831,26,74.31,0.2,0,342,5,371.55,0,1
CUST100832,19,45.02,0.15,0,90,3,135.06,0,0
CUST100833,39,59.86,1.67,1,67,65,3890.9,0,0
CUST100834,3,100.22,0.56,0,236,2,200.44,0,1
CUST100835,45,91.4,0.75,0,200,34,3107.6,0,0
CUST100836,13,67.83,0.29,0,332,4,271.32,0,0
CUST100837,50,64.0,0.35,0,227,18,1152.0,0,0
CUST100838,28,63.25,0.24,0,348,7,442.75,0,0
CUST100839,58,47.33,0.15,1,233,9,425.97,0,0
CUST100840,20,123.46,0.2,0,266,4,493.84,0,1
CUST100841,28,65.33,0.9,0,86,25,1633.25,0,0
CUST100842,8,111.51,0.67,0,102,5,557.55,0,1
CUST100843,41,120.64,0.5,0,214,20,2412.8,0,0
CUST100844,39,104.95,0.42,0,108,16,1679.2,0,0
CUST100845,1,62.05,1.38,0,165,1,62.05,0,0
CUST100846,3,87.11,0.14,1,91,0,0.0,0,1
CUST100847,13,74.27,0.26,0,192,3,222.81,0,0
CUST100848,28,47.89,0.32,1,335,9,431.01,0,0
CUST100849,57,84.73,0.86,1,86,49,4151.77,0,1
CUST100850,60,39.63,2.55,0,222,153,6063.39,1,0
CUST100851,49,110.63,0.24,1,363,12,1327.56,0,0
CUST100852,25,61.06,1.14,0,101,28,1709.68,0,0
CUST100853,56,81.03,0.99,1,226,55,4456.65,0,1
CUST100854,33,83.5,0.23,0,364,8,668.0,0,1
CUST100855,38,67.23,0.35,0,60,13,873.99,0,0
CUST100856,53,92.6,0.36,2,250,19,1759.4,0,1
CUST100857,6,60.75,2.01,0,48,12,729.0,0,0
CUST100858,58,101.14,0.2,1,117,12,1213.68,0,0
CUST100859,44,34.62,0.9,0,227,40,1384.8,0,0
CUST100860,45,78.79,0.3,0,362,14,1103.06,0,0
CUST100861,32,133.17,0.76,1,33,24,3196.08,0,0
CUST100862,45,44.99,0.37,0,44,17,764.83,0,0
CUST100863,47,54.67,0.53,0,165,25,1366.75,0,0
CUST100864,21,90.42,0.99,0,368,21,1898.82,0,0
CUST100865,16,80.39,0.92,0,345,15,1205.85,0,0
CUST100866,54,85.52,1.11,0,292,60,5131.2,1,0
CUST100867,21,89.68,0.13,1,337,3,269.04,0,0
CUST100868,11,94.04,0.69,1,344,8,752.32,0,0
CUST100869,60,108.29,0.18,0,386,11,1191.19,0,0
CUST100870,37,87.29,0.37,0,287,14,1222.06,0,0
CUST100871,36,67.76,0.5,0,364,18,1219.68,0,0
CUST100872,35,95.18,0.36,0,225,13,1237.34,0,0
CUST100873,19,132.0,0.47,2,286,9,1188.0,0,1
CUST100874,20,71.02,2.93,0,204,59,4190.18,0,0
CUST100875,57,45.76,0.17,1,172,10,457.6,0,0
CUST100876,18,108.21,0.66,0,12,12,1298.52,0,0
CUST100877,47,71.39,0.35,0,307,16,1142.24,0,0
CUST100878,41,9.82,0.17,1,121,7,68.74,0,0
CUST100879,49,100.42,0.19,0,244,9,903.78,0,0
CUST100880,14,58.94,1.59,1,152,22,1296.68,0,0
CUST100881,15,72.28,1.16,0,152,17,1228.76,0,0
CUST100882,31,84.96,1.29,0,188,40,3398.4,0,0
CUST100883,1,80.71,2.49,1,395,2,161.42,0,1
CUST100884,53,96.28,0.22,1,13,12,1155.36,0,0
CUST100885,54,61.94,0.32,0,91,17,1052.98,0,0
CUST100886,54,90.39,0.65,1,200,35,3163.65,0,1
CUST100887,3,67.21,0.43,0,74,1,67.21,0,0
CUST100888,16,97.16,0.37,0,256,6,582.96,0,1
CUST100889,23,93.46,0.32,0,276,7,654.22,0,0
CUST100890,57,46.94,0.55,0,328,31,1455.14,0,0
CUST100891,11,107.58,0.53,0,329,6,645.48,0,0
CUST100892,12,58.92,0.19,0,71,2,117.84,0,0
CUST100893,10,99.24,0.42,1,78,4,396.96,0,0
CUST100894,32,86.02,0.5,1,284,16,1376.32,0,0
CUST100895,16,130.15,0.52,0,130,8,1041.2,0,0
CUST100896,8,68.3,0.22,0,377,2,136.6,0,0
CUST100897,38,64.52,0.78,0,43,30,1935.6,0,0
CUST100898,12,74.42,0.11,0,8,1,74.42,0,1
CUST100899,24,65.9,0.32,1,13,8,527.2,0,0
CUST100900,28,99.0,0.86,1,213,24,2376.0,0,0
CUST100901,53,26.51,0.51,1,111,27,715.77,0,0
CUST100902,8,43.39,0.25,0,291,2,86.78,0,1
CUST100903,58,42.97,0.69,1,23,40,1718.8,0,1
CUST100904,28,103.51,0.52,0,302,15,1552.65,0,0
CUST100905,36,126.32,0.9,0,254,32,4042.24,0,1
CUST100906,26,71.87,0.76,0,15,20,1437.4,0,0
CUST100907,8,69.94,0.57,0,130,5,349.7,0,1
CUST100908,58,77.1,0.43,0,61,25,1927.5,0,0
CUST100909,60,109.86,0.17,1,115,10,1098.6,0,0
CUST100910,50,47.18,0.25,0,320,12,566.16,0,0
CUST100911,28,82.15,0.37,0,308,10,821.5,0,0
CUST100912,28,104.26,0.56,0,325,16,1668.16,0,0
CUST100913,37,90.03,0.46,0,67,17,1530.51,0,0
CUST100914,41,80.69,0.27,0,249,11,887.59,0,1
CUST100915,36,105.03,0.1,2,175,4,420.12,0,0
CUST100916,27,5.0,0.44,1,339,12,60.0,0,0
CUST100917,54,95.34,0.27,1,2,15,1430.1,0,0
CUST100918,17,55.38,0.76,0,172,13,719.94,0,0
CUST100919,9,20.08,0.11,0,334,1,20.08,0,1
CUST100920,33,90.34,0.54,0,284,18,1626.12,0,0
CUST100921,53,116.21,1.52,0,54,81,9413.01,1,0
CUST100922,20,70.88,0.2,1,67,4,283.52,0,0
CUST100923,13,103.59,0.42,0,102,5,517.95,0,0
CUST100924,28,123.37,0.15,0,120,4,493.48,0,0
CUST100925,48,114.45,0.59,0,191,28,3204.6,0,0
CUST100926,29,124.2,0.5,0,304,14,1738.8,0,0
CUST100927,13,97.26,0.36,0,47,5,486.3,0,0
CUST100928,46,77.26,0.47,0,222,22,1699.72,0,0
CUST100929,35,26.94,1.23,0,21,43,1158.42,0,0
CUST100930,6,67.62,0.21,1,158,1,67.62,0,1
CUST100931,18,49.7,0.11,0,348,2,99.4,0,0
CUST100932,51,140.13,1.09,0,159,56,7847.28,1,0
CUST100933,5,69.72,0.53,0,377,3,209.16,0,1
CUST100934,47,78.7,1.21,1,372,57,4485.9,0,0
CUST100935,25,91.54,0.55,0,235,14,1281.56,0,0
CUST100936,2,76.31,0.93,1,150,2,152.62,0,0
CUST100937,10,125.85,0.38,0,257,4,503.4,0,0
CUST100938,56,56.32,0.79,0,165,44,2478.08,0,0
CUST100939,30,80.84,1.32,2,77,40,3233.6,0,0
CUST100940,50,52.73,0.52,0,85,26,1370.98,0,0
CUST100941,59,35.4,0.2,0,46,12,424.8,0,0
CUST100942,45,56.65,0.26,2,393,12,679.8,0,0
CUST100943,5,73.89,0.21,1,47,1,73.89,0,0
CUST100944,55,62.12,0.24,0,213,13,807.56,0,0
CUST100945,56,54.23,0.28,0,59,16,867.68,0,0
CUST100946,33,32.81,0.5,0,54,16,524.96,0,0
CUST100947,54,72.51,0.54,1,342,29,2102.79,0,1
CUST100948,1,29.86,0.38,0,12,0,0.0,0,0
CUST100949,18,97.8,0.58,2,192,10,978.0,0,0
CUST100950,32,77.47,0.14,0,6,4,309.88,0,0
CUST100951,47,31.27,0.15,0,309,7,218.89,0,0
CUST100952,49,65.72,0.19,0,144,9,591.48,0,0
CUST100953,11,52.44,0.46,2,346,5,262.2,0,0
CUST100954,21,84.58,0.22,0,261,5,422.9,0,0
CUST100955,26,115.21,0.27,0,73,7,806.47,0,1
CUST100956,25,18.74,0.36,1,174,9,168.66,0,1
CUST100957,22,78.45,0.94,0,232,21,1647.45,0,0
CUST100958,59,70.2,0.11,0,270,6,421.2,0,0
CUST100959,27,95.14,0.62,0,362,17,1617.38,0,0
CUST100960,49,81.4,0.65,0,222,32,2604.8,0,0
CUST100961,13,52.44,0.9,0,52,12,629.28,0,0
CUST100962,33,65.43,1.45,2,116,48,3140.64,0,1
CUST100963,34,51.12,0.11,0,26,4,204.48,0,0
CUST100964,41,107.28,0.18,0,53,7,750.96,0,0
CUST100965,35,75.64,1.19,0,365,42,3176.88,0,1
CUST100966,1,132.04,0.41,0,29,0,0.0,0,0
CUST100967,21,73.18,0.52,1,19,11,804.98,0,0
CUST100968,48,53.75,0.64,0,303,31,1666.25,0,0
CUST100969,55,29.59,0.67,2,392,37,1094.83,0,1
CUST100970,6,20.91,1.44,0,279,9,188.19,0,0
CUST100971,28,27.48,3.0,0,117,84,2308.32,0,0
CUST100972,17,83.01,0.74,0,106,13,1079.13,0,0
CUST100973,5,90.26,0.27,0,309,1,90.26,0,1
CUST100974,31,27.56,1.16,0,227,36,992.16,0,0
CUST100975,5,101.85,0.13,1,352,1,101.85,0,1
CUST100976,38,60.51,0.23,0,186,9,544.59,0,0
CUST100977,3,79.4,1.24,0,261,4,317.6,0,0
CUST100978,53,123.37,0.25,0,16,13,1603.81,0,0
CUST100979,23,101.91,0.22,1,273,5,509.55,0,0
CUST100980,37,66.94,0.17,0,160,6,401.64,0,0
CUST100981,53,48.26,1.08,0,358,57,2750.82,0,0
CUST100982,37,10.45,0.45,1,250,17,177.65,0,0
CUST100983,10,53.43,0.66,1,224,7,374.01,0,0
CUST100984,10,68.67,0.24,0,256,2,137.34,0,1
CUST100985,19,45.38,0.81,0,180,15,680.7,0,0
CUST100986,17,71.06,0.81,2,20,14,994.84,0,0
CUST100987,21,77.31,0.29,0,112,6,463.86,0,0
CUST100988,14,68.25,0.36,0,120,5,341.25,0,0
CUST100989,9,55.5,0.22,0,194,2,111.0,0,1
CUST100990,46,80.06,1.98,0,111,91,7285.46,1,0
CUST100991,1,88.26,0.62,2,210,1,88.26,0,0
CUST100992,51,42.29,1.46,0,1,74,3129.46,0,0
CUST100993,45,117.33,0.28,1,58,13,1525.29,0,1
CUST100994,13,72.04,0.86,0,93,11,792.44,0,0
CUST100995,4,75.57,0.83,0,221,3,226.71,0,1
CUST100996,1,96.25,0.69,0,211,1,96.25,0,1
CUST100997,49,82.0,1.79,0,232,88,7216.0,1,0
CUST100998,40,103.59,0.35,0,262,14,1450.26,0,0
CUST100999,32,83.61,0.17,0,364,5,418.05,0,0
CUST101000,34,56.63,0.66,0,103,22,1245.86,0,0
CUST101001,28,85.85,0.75,0,50,21,1802.85,0,0
CUST101002,31,40.69,0.53,0,374,16,651.04,0,1
CUST101003,8,78.26,0.22,0,110,2,156.52,0,0
CUST101004,39,74.0,0.45,1,88,18,1332.0,0,0
CUST101005,26,68.76,0.29,0,20,8,550.08,0,0
CUST101006,58,71.14,0.38,0,14,22,1565.08,0,0
CUST101007,34,18.54,0.62,1,133,21,389.34,0,0
CUST101008,54,58.54,0.78,0,296,42,2458.68,0,0
CUST101009,54,77.79,0.23,0,34,12,933.48,0,0
CUST101010,3,79.8,0.36,0,380,1,79.8,0,1
CUST101011,59,44.17,0.26,0,208,15,662.55,0,0
CUST101012,50,112.97,0.21,1,301,10,1129.7,0,1
CUST101013,12,49.01,0.86,0,199,10,490.1,0,0
CUST101014,1,104.08,1.3,1,80,1,104.08,0,1
CUST101015,54,87.82,0.33,0,71,18,1580.76,0,0
CUST101016,44,55.61,0.8,0,155,35,1946.35,0,0
CUST101017,5,128.26,1.24,0,78,6,769.56,0,0
CUST101018,30,39.19,1.04,0,78,31,1214.89,0,0
CUST101019,30,102.57,0.2,0,172,6,615.42,0,0
CUST101020,59,105.02,1.67,0,289,99,10396.98,1,0
CUST101021,57,54.88,0.34,0,33,19,1042.72,0,0
CUST101022,17,116.77,0.31,0,300,5,583.85,0,0
CUST101023,48,67.5,0.13,0,276,6,405.0,0,0
CUST101024,47,83.66,0.43,0,367,20,1673.2,0,0
CUST101025,23,82.81,0.16,0,7,4,331.24,0,0
CUST101026,15,70.97,0.24,0,160,4,283.88,0,0
CUST101027,37,99.32,0.29,1,240,11,1092.52,0,1
CUST101028,21,98.8,0.93,0,24,20,1976.0,0,0
CUST101029,14,22.54,1.14,1,214,16,360.64,0,0
CUST101030,2,114.13,0.28,0,70,1,114.13,0,0
CUST101031,11,25.13,1.08,1,368,12,301.56,0,0
CUST101032,51,105.98,1.07,0,216,55,5828.9,1,0
CUST101033,39,108.8,0.82,0,104,32,3481.6,0,0
CUST101034,38,42.27,0.18,0,215,7,295.89,0,0
CUST101035,60,62.68,0.69,1,54,41,2569.88,0,0
CUST101036,34,41.83,1.55,0,294,53,2216.99,0,0
CUST101037,38,68.55,0.67,1,330,25,1713.75,0,1
CUST101038,50,65.76,0.3,1,336,15,986.4,0,0
CUST101039,34,98.39,0.45,0,203,15,1475.85,0,0
CUST101040,18,114.31,0.62,0,288,11,1257.41,0,1
CUST101041,30,116.87,0.46,1,45,14,1636.18,0,0
CUST101042,15,58.13,0.16,0,317,2,116.26,0,1
CUST101043,27,68.72,0.29,0,198,8,549.76,0,0
CUST101044,51,24.5,0.91,0,216,46,1127.0,0,0
CUST101045,34,50.82,1.09,1,309,37,1880.34,0,0
CUST101046,52,103.95,0.17,0,384,9,935.55,0,1
CUST101047,57,123.47,1.62,1,332,92,11359.24,1,0
CUST101048,38,37.97,0.3,0,184,11,417.67,0,1
CUST101049,33,57.23,0.64,0,27,21,1201.83,0,0
CUST101050,24,74.21,0.8,1,166,19,1409.99,0,0
CUST101051,15,83.4,0.94,0,318,14,1167.6,0,0
CUST101052,60,50.71,1.56,0,274,94,4766.74,0,0
CUST101053,30,87.72,0.29,0,383,9,789.48,0,1
CUST101054,55,60.78,1.08,0,365,59,3586.02,0,1
CUST101055,42,74.57,0.17,0,103,7,521.99,0,0
CUST101056,51,91.39,0.71,0,333,36,3290.04,0,0
CUST101057,17,75.19,0.78,0,373,13,977.47,0,0
CUST101058,5,61.91,0.67,0,104,3,185.73,0,0
CUST101059,29,71.71,0.25,1,245,7,501.97,0,0
CUST101060,4,72.35,1.13,1,305,5,361.75,0,1
CUST101061,10,63.9,0.19,0,169,2,127.8,0,1
CUST101062,56,67.24,0.13,0,116,7,470.68,0,0
CUST101063,17,122.96,0.73,2,141,12,1475.52,0,0
CUST101064,10,91.83,0.42,0,356,4,367.32,0,0
CUST101065,17,66.14,1.05,0,125,18,1190.52,0,0
CUST101066,60,95.91,0.34,0,25,20,1918.2,0,0
CUST101067,20,64.99,0.19,0,194,4,259.96,0,0
CUST101068,24,110.19,1.01,0,384,24,2644.56,0,1
CUST101069,5,86.09,0.5,1,100,2,172.18,0,0
CUST101070,34,71.78,0.2,0,5,7,502.46,0,0
CUST101071,6,88.43,0.74,0,19,4,353.72,0,0
CUST101072,53,27.87,0.46,1,170,24,668.88,0,1
CUST101073,2,41.2,0.56,0,274,1,41.2,0,0
CUST101074,13,39.18,0.41,1,254,5,195.9,0,1
CUST101075,43,79.29,0.98,0,121,42,3330.18,0,0
CUST101076,43,126.98,0.98,0,32,42,5333.16,1,0
CUST101077,48,141.94,0.72,0,149,35,4967.9,0,0
CUST101078,11,94.14,0.16,1,266,2,188.28,0,0
CUST101079,51,90.03,1.01,0,37,52,4681.56,0,0
CUST101080,47,20.97,0.66,0,177,31,650.07,0,0
CUST101081,57,58.72,0.7,0,342,40,2348.8,0,1
CUST101082,23,51.37,0.33,0,13,8,410.96,0,0
CUST101083,55,56.37,1.16,0,183,64,3607.68,0,1
CUST101084,16,69.96,0.75,0,145,12,839.52,0,0
CUST101085,31,60.84,0.16,0,265,5,304.2,0,0
CUST101086,11,15.62,0.36,1,88,4,62.48,0,0
CUST101087,54,97.44,1.19,0,46,64,6236.16,1,0
CUST101088,16,42.82,0.12,0,392,2,85.64,0,0
CUST101089,8,82.18,1.73,1,119,14,1150.52,0,0
CUST101090,4,137.22,0.67,0,19,3,411.66,0,0
CUST101091,40,47.42,0.6,0,220,24,1138.08,0,0
CUST101092,4,5.0,0.26,1,233,1,5.0,0,0
CUST101093,56,66.42,0.24,2,94,13,863.46,0,1
CUST101094,25,108.03,1.52,0,251,38,4105.14,0,0
CUST101095,3,133.75,0.28,0,250,1,133.75,0,0
CUST101096,32,38.11,0.85,0,282,27,1028.97,0,1
CUST101097,3,89.9,0.35,1,232,1,89.9,0,0
CUST101098,27,61.04,0.17,0,46,5,305.2,0,0
CUST101099,29,71.82,0.11,0,374,3,215.46,0,1
CUST101100,32,154.33,0.49,0,46,16,2469.28,0,0
CUST101101,50,29.91,1.96,0,14,98,2931.18,0,0
CUST101102,58,82.61,0.33,0,85,19,1569.59,0,0
CUST101103,51,89.03,0.32,0,319,16,1424.48,0,0
CUST101104,19,107.57,0.31,1,328,6,645.42,0,0
CUST101105,21,77.94,0.47,0,3,10,779.4,0,0
CUST101106,5,84.24,0.39,0,28,2,168.48,0,0
CUST101107,18,63.25,1.16,0,381,21,1328.25,0,1
CUST101108,28,83.07,0.45,1,157,13,1079.91,0,0
CUST101109,42,64.7,0.45,0,343,19,1229.3,0,0
CUST101110,22,93.65,0.17,0,333,4,374.6,0,0
CUST101111,21,63.91,2.13,1,332,45,2875.95,0,0
CUST101112,6,86.31,0.24,0,175,1,86.31,0,0
CUST101113,1,74.12,0.14,0,114,0,0.0,0,0
CUST101114,5,108.78,0.64,0,389,3,326.34,0,0
CUST101115,41,73.46,0.55,0,331,23,1689.58,0,1
CUST101116,12,21.81,0.37,1,250,4,87.24,0,0
CUST101117,26,112.86,0.37,1,59,10,1128.6,0,0
CUST101118,46,47.83,0.87,0,203,40,1913.2,0,0
CUST101119,34,55.39,0.21,0,315,7,387.73,0,0
CUST101120,49,57.13,0.96,1,239,47,2685.11,0,0
CUST101121,14,116.23,0.62,3,234,9,1046.07,0,0
CUST101122,26,10.93,0.37,0,303,10,109.3,0,0
CUST101123,45,169.13,0.41,1,95,18,3044.34,0,0
CUST101124,27,106.68,0.25,0,141,7,746.76,0,1
CUST101125,9,81.7,0.8,0,334,7,571.9,0,0
CUST101126,26,73.35,0.46,0,113,12,880.2,0,1
CUST101127,57,83.57,0.29,0,109,17,1420.69,0,0
CUST101128,47,90.63,0.55,0,362,26,2356.38,0,0
CUST101129,57,94.36,2.83,0,345,161,15191.96,1,0
CUST101130,22,91.67,0.39,0,289,9,825.03,0,0
CUST101131,47,77.69,1.37,0,97,64,4972.16,0,0
CUST101132,56,69.08,0.31,0,335,17,1174.36,0,0
CUST101133,30,70.46,0.13,0,16,4,281.84,0,0
CUST101134,43,69.15,0.21,0,44,9,622.35,0,0
CUST101135,48,109.01,0.37,0,376,18,1962.18,0,0
CUST101136,17,92.81,0.22,0,230,4,371.24,0,0
CUST101137,26,5.0,0.1,0,390,3,15.0,0,0
CUST101138,36,94.68,1.33,0,108,48,4544.64,0,0
CUST101139,1,80.84,1.03,0,217,1,80.84,0,1
CUST101140,8,74.44,0.78,1,399,6,446.64,0,1
CUST101141,49,63.34,0.19,0,260,9,570.06,0,0
CUST101142,35,108.72,0.16,0,312,6,652.32,0,0
CUST101143,52,103.43,0.13,0,320,7,724.01,0,1
CUST101144,15,51.81,0.74,0,196,11,569.91,0,0
CUST101145,47,87.21,1.42,0,95,67,5843.07,1,0
CUST101146,56,45.85,0.38,0,56,21,962.85,0,0
CUST101147,22,33.61,0.16,0,32,4,134.44,0,0
CUST101148,14,56.2,0.46,0,231,6,337.2,0,0
CUST101149,26,100.87,0.31,1,372,8,806.96,0,1
CUST101150,28,103.59,0.33,0,9,9,932.31,0,0
CUST101151,23,90.39,0.59,0,191,14,1265.46,0,0
CUST101152,14,96.75,0.73,0,361,10,967.5,0,1
CUST101153,24,90.49,0.16,1,200,4,361.96,0,0
CUST101154,2,55.76,0.12,0,334,0,0.0,0,1
CUST101155,45,87.96,2.69,1,161,121,10643.16,1,0
CUST101156,26,99.01,0.23,0,87,6,594.06,0,0
CUST101157,14,97.63,0.13,1,21,2,195.26,0,0
CUST101158,59,110.67,0.21,0,311,12,1328.04,0,0
CUST101159,56,96.25,0.12,0,76,7,673.75,0,0
CUST101160,51,85.54,0.35,0,386,18,1539.72,0,0
CUST101161,7,107.1,0.91,0,141,6,642.6,0,0
CUST101162,3,74.2,0.31,1,126,1,74.2,0,0
CUST101163,47,48.54,0.39,0,251,18,873.72,0,1
CUST101164,23,70.11,0.66,1,388,15,1051.65,0,1
CUST101165,46,52.65,0.46,0,84,21,1105.65,0,0
CUST101166,43,54.74,1.09,0,371,47,2572.78,0,1
CUST101167,47,70.66,1.11,1,48,52,3674.32,0,0
CUST101168,60,51.23,0.1,0,379,6,307.38,0,1
CUST101169,45,65.76,0.85,0,78,38,2498.88,0,0
CUST101170,18,18.19,0.41,0,30,7,127.33,0,0
CUST101171,58,81.4,2.35,1,285,136,11070.4,1,0
CUST101172,38,75.04,0.43,0,136,16,1200.64,0,1
CUST101173,35,50.49,2.27,1,140,79,3988.71,0,0
CUST101174,51,94.78,0.8,0,41,41,3885.98,0,0
CUST101175,15,103.13,0.24,0,282,4,412.52,0,0
CUST101176,25,26.77,0.49,0,50,12,321.24,0,0
CUST101177,55,52.12,2.52,0,258,139,7244.68,1,0
CUST101178,37,51.93,1.07,1,311,40,2077.2,0,0
CUST101179,28,46.8,0.15,0,360,4,187.2,0,1
CUST101180,10,99.88,0.71,0,270,7,699.16,0,1
CUST101181,39,69.19,0.31,0,134,12,830.28,0,0
CUST101182,57,67.06,0.1,0,234,6,402.36,0,0
CUST101183,17,14.88,0.36,0,128,6,89.28,0,0
CUST101184,39,94.06,0.23,1,104,9,846.54,0,0
CUST101185,22,37.82,0.95,0,254,21,794.22,0,0
CUST101186,26,76.8,0.31,0,95,8,614.4,0,0
CUST101187,44,83.32,0.98,1,337,43,3582.76,0,0
CUST101188,25,115.82,0.1,1,217,2,231.64,0,1
CUST101189,17,35.74,0.28,1,61,5,178.7,0,0
CUST101190,13,5.0,0.24,1,268,3,15.0,0,0
CUST101191,20,80.52,0.23,0,241,5,402.6,0,0
CUST101192,25,129.02,0.14,0,13,4,516.08,0,0
CUST101193,4,112.17,0.2,1,147,1,112.17,0,0
CUST101194,10,81.29,0.51,2,240,5,406.45,0,0
CUST101195,3,60.25,0.27,1,89,1,60.25,0,0
CUST101196,41,99.21,0.37,0,95,15,1488.15,0,0
CUST101197,45,45.79,0.34,0,315,15,686.85,0,1
CUST101198,18,89.29,1.14,0,293,21,1875.09,0,1
CUST101199,47,90.16,1.28,0,25,60,5409.6,1,0
CUST101200,36,106.81,0.44,0,272,16,1708.96,0,1
CUST101201,47,157.79,0.3,0,166,14,2209.06,0,0
CUST101202,22,86.77,0.16,0,250,4,347.08,0,0
CUST101203,34,59.73,1.63,0,87,55,3285.15,0,0
CUST101204,47,74.23,0.13,0,142,6,445.38,0,0
CUST101205,8,21.93,0.28,1,134,2,43.86,0,0
CUST101206,40,54.16,0.28,0,279,11,595.76,0,0
CUST101207,49,62.72,0.29,0,126,14,878.08,0,0
CUST101208,44,59.28,0.19,0,316,8,474.24,0,0
CUST101209,19,79.57,0.86,1,396,16,1273.12,0,1
CUST101210,42,50.33,0.17,1,141,7,352.31,0,1
CUST101211,41,108.63,0.6,0,356,25,2715.75,0,0
CUST101212,37,75.01,0.17,2,103,6,450.06,0,0
CUST101213,6,74.72,0.14,0,226,1,74.72,0,0
CUST101214,52,65.16,1.3,0,390,68,4430.88,0,1
CUST101215,26,79.66,0.21,0,63,5,398.3,0,0
CUST101216,34,99.75,0.96,1,294,33,3291.75,0,0
CUST101217,59,48.99,0.49,0,384,29,1420.71,0,0
CUST101218,56,55.26,0.14,1,306,8,442.08,0,0
CUST101219,59,65.89,1.66,0,254,98,6457.22,1,0
CUST101220,45,34.62,0.24,0,180,11,380.82,0,0
CUST101221,6,50.42,1.08,0,40,6,302.52,0,0
CUST101222,37,60.71,0.19,0,264,7,424.97,0,1
CUST101223,57,101.23,1.06,0,189,60,6073.8,1,0
CUST101224,33,82.88,0.11,0,8,4,331.52,0,0
CUST101225,53,80.81,0.46,0,104,24,1939.44,0,0
CUST101226,22,100.53,0.83,1,225,18,1809.54,0,0
CUST101227,21,70.88,1.47,0,34,31,2197.28,0,0
CUST101228,6,86.71,1.3,1,236,8,693.68,0,0
CUST101229,6,71.9,0.96,1,228,6,431.4,0,0
CUST101230,55,82.96,1.2,0,188,66,5475.36,1,0
CUST101231,48,57.52,0.21,0,313,10,575.2,0,0
CUST101232,4,5.0,0.27,0,22,1,5.0,0,0
CUST101233,30,70.97,0.27,1,343,8,567.76,0,1
CUST101234,11,117.68,0.34,0,40,4,470.72,0,0
CUST101235,30,102.79,0.35,0,173,10,1027.9,0,0
CUST101236,31,103.96,0.49,0,179,15,1559.4,0,0
CUST101237,24,112.08,0.19,1,86,5,560.4,0,0
CUST101238,55,77.66,0.69,0,133,38,2951.08,0,0
CUST101239,9,80.92,0.19,0,351,2,161.84,0,1
CUST101240,55,56.47,0.29,0,13,16,903.52,0,0
CUST101241,3,65.52,0.45,0,28,1,65.52,0,0
CUST101242,51,93.47,0.9,0,84,46,4299.62,0,0
CUST101243,31,111.12,0.77,0,318,24,2666.88,0,0
CUST101244,40,70.82,0.62,0,349,25,1770.5,0,0
CUST101245,37,61.49,0.18,3,343,7,430.43,0,0
CUST101246,36,75.02,0.5,0,280,18,1350.36,0,0
CUST101247,24,93.04,0.15,0,354,4,372.16,0,0
CUST101248,31,31.68,0.34,3,263,11,348.48,0,0
CUST101249,6,6.11,0.37,1,166,2,12.22,0,1
CUST101250,2,58.48,0.12,0,293,0,0.0,0,0
CUST101251,20,38.38,0.26,0,68,5,191.9,0,1
CUST101252,28,59.76,1.66,0,226,46,2748.96,0,0
CUST101253,11,70.57,1.64,0,170,18,1270.26,0,0
CUST101254,4,61.4,0.32,0,86,1,61.4,0,0
CUST101255,15,118.57,0.12,0,133,2,237.14,0,0
CUST101256,6,84.8,0.2,0,178,1,84.8,0,1
CUST101257,54,84.01,0.35,1,343,19,1596.19,0,0
CUST101258,49,93.67,1.58,0,252,77,7212.59,1,0
CUST101259,30,40.84,0.18,2,15,5,204.2,0,0
CUST101260,56,106.17,0.82,0,223,46,4883.82,0,0
CUST101261,38,72.73,0.16,0,379,6,436.38,0,0
CUST101262,51,95.11,2.09,0,201,107,10176.77,1,0
CUST101263,57,42.84,0.34,0,107,19,813.96,0,0
CUST101264,2,28.39,0.85,1,250,2,56.78,0,0
CUST101265,15,99.54,0.31,1,89,5,497.7,0,0
CUST101266,11,86.29,0.59,1,125,6,517.74,0,0
CUST101267,8,47.94,0.21,1,113,2,95.88,0,1
CUST101268,26,48.91,0.18,0,137,5,244.55,0,0
CUST101269,51,108.76,1.49,0,247,76,8265.76,1,0
CUST101270,45,39.32,1.35,0,166,61,2398.52,0,0
CUST101271,44,124.28,1.19,0,150,52,6462.56,1,0
CUST101272,5,47.98,0.59,0,363,3,143.94,0,0
CUST101273,6,94.15,0.93,0,343,6,564.9,0,1
CUST101274,26,65.14,0.14,0,68,4,260.56,0,0
CUST101275,54,93.1,0.3,0,221,16,1489.6,0,1
CUST101276,4,58.68,0.29,0,271,1,58.68,0,0
CUST101277,19,70.12,0.6,1,321,11,771.32,0,0
CUST101278,20,76.23,0.32,0,310,6,457.38,0,1
CUST101279,33,44.93,0.18,0,349,6,269.58,0,1
CUST101280,20,97.22,0.55,0,20,11,1069.42,0,0
CUST101281,49,59.6,0.94,0,289,46,2741.6,0,1
CUST101282,12,68.14,0.34,0,100,4,272.56,0,0
CUST101283,47,45.17,0.17,1,252,8,361.36,0,0
CUST101284,1,5.0,0.21,0,77,0,0.0,0,1
CUST101285,26,69.27,0.24,0,135,6,415.62,0,0
CUST101286,14,147.38,0.28,1,392,4,589.52,0,0
CUST101287,38,98.54,0.61,0,173,23,2266.42,0,0
CUST101288,37,74.42,0.56,1,363,21,1562.82,0,1
CUST101289,11,67.11,0.7,0,201,8,536.88,0,0
CUST101290,36,75.67,0.33,0,217,12,908.04,0,1
CUST101291,13,91.41,0.97,0,376,13,1188.33,0,1
CUST101292,43,39.58,0.21,0,208,9,356.22,0,0
CUST101293,3,108.43,0.42,0,74,1,108.43,0,0
CUST101294,33,96.46,0.91,0,11,30,2893.8,0,0
CUST101295,6,96.55,0.2,0,287,1,96.55,0,1
CUST101296,50,88.15,0.16,0,256,8,705.2,0,1
CUST101297,56,75.59,1.18,2,12,66,4988.94,0,0
CUST101298,10,95.19,0.31,0,380,3,285.57,0,1
CUST101299,5,92.75,0.68,0,78,3,278.25,0,0
CUST101300,23,64.38,0.11,0,172,3,193.14,0,0
CUST101301,10,57.79,0.69,0,96,7,404.53,0,0
CUST101302,44,78.06,0.29,1,306,13,1014.78,0,1
CUST101303,2,121.47,0.13,0,373,0,0.0,0,1
CUST101304,13,37.83,0.57,0,273,7,264.81,0,1
CUST101305,40,30.97,0.24,0,385,10,309.7,0,0
CUST101306,2,79.94,0.34,0,179,1,79.94,0,0
CUST101307,20,76.53,0.14,0,64,3,229.59,0,0
CUST101308,1,80.2,0.18,0,132,0,0.0,0,1
CUST101309,37,82.32,0.28,1,343,10,823.2,0,0
CUST101310,9,68.3,0.15,2,272,1,68.3,0,0
CUST101311,17,119.7,1.31,1,319,22,2633.4,0,0
CUST101312,9,26.97,0.1,1,332,1,26.97,0,1
CUST101313,11,50.15,0.43,0,341,5,250.75,0,0
CUST101314,15,71.9,0.17,0,109,3,215.7,0,0
CUST101315,24,25.7,0.28,0,273,7,179.9,0,0
CUST101316,38,69.72,1.4,1,168,53,3695.16,0,0
CUST101317,55,124.84,0.19,0,397,10,1248.4,0,0
CUST101318,35,75.63,1.79,0,180,63,4764.69,0,0
CUST101319,30,81.92,0.22,1,58,7,573.44,0,0
CUST101320,31,37.2,0.78,0,79,24,892.8,0,0
CUST101321,49,56.51,0.5,0,61,24,1356.24,0,0
CUST101322,5,63.74,1.18,0,369,6,382.44,0,1
CUST101323,60,65.47,0.5,0,121,30,1964.1,0,1
CUST101324,44,113.45,0.48,0,207,21,2382.45,0,0
CUST101325,50,91.73,0.21,0,34,10,917.3,0,0
CUST101326,14,41.66,0.19,0,70,3,124.98,0,0
CUST101327,53,82.4,1.34,0,17,71,5850.4,1,0
CUST101328,56,89.95,0.3,0,20,17,1529.15,0,0
CUST101329,11,109.2,0.33,0,315,4,436.8,0,1
CUST101330,9,122.42,0.81,2,69,7,856.94,0,0
CUST101331,34,44.55,0.31,0,215,11,490.05,0,1
CUST101332,12,50.67,1.62,0,161,19,962.73,0,0
CUST101333,35,37.27,0.77,0,102,27,1006.29,0,0
CUST101334,35,67.98,0.55,0,376,19,1291.62,0,0
CUST101335,1,88.99,1.16,0,206,1,88.99,0,1
CUST101336,40,104.62,0.13,0,145,5,523.1,0,0
CUST101337,22,72.72,0.25,1,57,6,436.32,0,0
CUST101338,60,65.4,0.41,0,83,25,1635.0,0,0
CUST101339,29,79.55,0.23,0,385,7,556.85,0,0
CUST101340,8,49.95,0.78,0,269,6,299.7,0,0
CUST101341,11,137.69,1.36,0,187,15,2065.35,0,0
CUST101342,41,26.77,0.38,0,6,16,428.32,0,0
CUST101343,37,80.54,0.31,0,353,11,885.94,0,0
CUST101344,14,135.71,1.73,0,350,24,3257.04,0,0
CUST101345,60,75.2,0.39,1,110,23,1729.6,0,0
CUST101346,30,69.3,0.44,0,138,13,900.9,0,0
CUST101347,35,64.28,0.32,0,51,11,707.08,0,0
CUST101348,21,69.59,1.3,0,51,27,1878.93,0,0
CUST101349,37,116.19,0.52,0,87,19,2207.61,0,0
CUST101350,5,8.64,0.82,2,68,4,34.56,0,1
CUST101351,19,121.0,0.94,0,84,18,2178.0,0,0
CUST101352,59,32.28,0.31,1,42,18,581.04,0,0
CUST101353,14,67.0,0.38,0,219,5,335.0,0,0
CUST101354,26,62.12,1.04,0,57,27,1677.24,0,0
CUST101355,4,92.66,0.33,1,226,1,92.66,0,1
CUST101356,25,27.06,0.89,0,196,22,595.32,0,0
CUST101357,45,88.87,1.52,0,248,68,6043.16,1,0
CUST101358,42,135.73,0.59,0,166,25,3393.25,0,0
CUST101359,25,34.1,0.78,0,62,20,682.0,0,0
CUST101360,18,80.69,0.92,1,263,17,1371.73,0,1
CUST101361,40,55.14,1.03,0,112,41,2260.74,0,0
CUST101362,8,87.78,0.35,0,253,3,263.34,0,0
CUST101363,39,75.57,0.13,0,199,5,377.85,0,0
CUST101364,40,55.76,0.36,0,178,14,780.64,0,1
CUST101365,14,89.64,0.66,0,26,9,806.76,0,0
CUST101366,32,129.13,0.4,0,246,13,1678.69,0,0
CUST101367,51,69.27,0.79,0,19,40,2770.8,0,0
CUST101368,38,96.59,0.32,0,265,12,1159.08,0,0
CUST101369,33,36.2,0.6,0,317,20,724.0,0,0
CUST101370,23,46.31,0.2,0,20,5,231.55,0,0
CUST101371,15,89.17,0.79,0,106,12,1070.04,0,0
CUST101372,33,119.52,0.49,1,237,16,1912.32,0,0
CUST101373,25,85.67,0.21,0,306,5,428.35,0,0
CUST101374,17,65.61,0.27,0,246,5,328.05,0,0
CUST101375,33,74.98,0.79,0,81,26,1949.48,0,0
CUST101376,47,37.49,0.43,1,150,20,749.8,0,1
CUST101377,55,93.14,0.22,0,397,12,1117.68,0,1
CUST101378,2,101.47,1.81,0,396,4,405.88,0,1
CUST101379,14,61.44,0.73,0,10,10,614.4,0,0
CUST101380,53,60.9,1.67,1,321,89,5420.1,1,0
CUST101381,40,82.98,0.38,0,224,15,1244.7,0,0
CUST101382,40,61.9,0.42,0,264,17,1052.3,0,0
CUST101383,51,73.02,1.24,0,149,63,4600.26,0,0
CUST101384,39,137.99,0.47,1,278,18,2483.82,0,0
CUST101385,51,67.59,0.71,0,274,36,2433.24,0,1
CUST101386,6,64.25,0.25,0,194,2,128.5,0,0
CUST101387,6,55.57,0.4,0,172,2,111.14,0,0
CUST101388,3,97.33,0.17,0,265,1,97.33,0,0
CUST101389,7,69.56,0.22,0,310,2,139.12,0,0
CUST101390,51,55.52,0.1,0,26,5,277.6,0,0
CUST101391,8,114.64,0.12,0,350,1,114.64,0,1
CUST101392,42,117.59,1.99,0,356,84,9877.56,1,0
CUST101393,52,56.99,0.24,1,26,12,683.88,0,0
CUST101394,15,19.0,0.64,0,34,10,190.0,0,0
CUST101395,47,105.23,1.01,0,264,47,4945.81,0,0
CUST101396,29,54.46,0.5,0,138,14,762.44,0,0
CUST101397,33,98.72,0.18,0,304,6,592.32,0,0
CUST101398,52,15.9,0.75,1,183,39,620.1,0,0
CUST101399,30,101.78,0.56,0,363,17,1730.26,0,0
CUST101400,39,38.66,0.76,0,242,30,1159.8,0,1
CUST101401,27,96.92,0.83,0,54,22,2132.24,0,0
CUST101402,36,75.43,1.95,0,168,70,5280.1,1,0
CUST101403,29,46.38,0.53,0,119,15,695.7,0,0
CUST101404,38,62.79,0.31,0,143,12,753.48,0,0
CUST101405,57,95.59,0.62,0,81,35,3345.65,0,0
CUST101406,33,78.18,0.14,0,245,5,390.9,0,0
CUST101407,37,92.53,1.24,0,352,46,4256.38,0,0
CUST101408,27,134.29,0.16,0,358,4,537.16,0,1
CUST101409,55,28.07,0.3,0,62,16,449.12,0,0
CUST101410,33,123.52,0.95,0,46,31,3829.12,0,1
CUST101411,4,78.13,0.55,0,87,2,156.26,0,0
CUST101412,22,48.04,0.35,0,99,8,384.32,0,0
CUST101413,2,35.09,0.42,0,295,1,35.09,0,1
CUST101414,10,69.33,1.06,0,399,11,762.63,0,0
CUST101415,5,102.65,0.31,0,53,2,205.3,0,0
CUST101416,59,71.17,1.12,0,192,66,4697.22,0,0
CUST101417,10,120.33,0.15,0,80,2,240.66,0,0
CUST101418,33,31.46,0.85,0,16,28,880.88,0,0
CUST101419,54,74.64,1.04,1,360,56,4179.84,0,0
CUST101420,38,37.43,0.2,0,326,8,299.44,0,0
CUST101421,13,85.91,0.38,0,194,5,429.55,0,0
CUST101422,31,101.61,0.19,0,141,6,609.66,0,0
CUST101423,47,62.38,0.71,0,108,33,2058.54,0,0
CUST101424,36,5.0,0.48,0,303,17,85.0,0,1
CUST101425,45,80.97,0.6,0,265,27,2186.19,0,0
CUST101426,24,88.1,0.21,0,290,5,440.5,0,1
CUST101427,52,87.13,0.22,0,209,11,958.43,0,0
CUST101428,56,112.07,0.12,0,165,7,784.49,0,0
CUST101429,15,42.87,0.29,0,342,4,171.48,0,1
CUST101430,29,95.41,0.51,0,371,15,1431.15,0,1
CUST101431,8,110.78,1.08,0,320,9,997.02,0,0
CUST101432,5,21.64,0.65,0,152,3,64.92,0,0
CUST101433,29,84.59,0.39,0,290,11,930.49,0,1
CUST101434,47,59.87,1.63,0,268,77,4609.99,0,1
CUST101435,4,72.55,0.74,0,151,3,217.65,0,0
CUST101436,12,85.43,1.43,0,207,17,1452.31,0,0
CUST101437,45,60.38,0.47,2,255,21,1267.98,0,0
CUST101438,2,54.73,0.25,0,353,0,0.0,0,1
CUST101439,27,76.02,0.13,0,377,4,304.08,0,0
CUST101440,31,42.38,0.75,0,141,23,974.74,0,1
CUST101441,51,42.43,0.16,0,343,8,339.44,0,0
CUST101442,51,95.38,0.28,0,358,14,1335.32,0,0
CUST101443,36,40.54,0.48,1,96,17,689.18,0,0
CUST101444,36,94.99,0.52,0,370,19,1804.81,0,0
CUST101445,26,88.88,0.56,0,227,15,1333.2,0,0
CUST101446,43,23.23,0.19,1,193,8,185.84,0,0
CUST101447,27,54.67,0.34,0,303,9,492.03,0,1
CUST101448,5,110.82,0.58,0,314,3,332.46,0,1
CUST101449,20,45.57,1.85,1,389,37,1686.09,0,0
CUST101450,11,61.07,0.75,1,377,8,488.56,0,0
CUST101451,10,88.86,1.38,0,118,14,1244.04,0,0
CUST101452,40,98.5,0.82,0,5,33,3250.5,0,0
CUST101453,38,67.45,0.55,0,352,21,1416.45,0,1
CUST101454,6,57.07,0.21,0,243,1,57.07,0,1
CUST101455,8,117.67,0.65,1,21,5,588.35,0,0
CUST101456,23,127.17,0.59,0,152,14,1780.38,0,0
CUST101457,47,104.37,0.56,0,128,26,2713.62,0,0
CUST101458,26,77.56,0.44,0,124,11,853.16,0,0
CUST101459,46,50.75,0.48,0,146,22,1116.5,0,0
CUST101460,43,50.09,0.3,0,277,13,651.17,0,1
CUST101461,12,90.68,0.47,0,310,6,544.08,0,1
CUST101462,26,87.55,0.21,0,394,5,437.75,0,1
CUST101463,13,117.05,0.92,1,152,12,1404.6,0,0
CUST101464,40,94.51,0.2,1,360,8,756.08,0,1
CUST101465,18,29.91,0.14,0,111,3,89.73,0,0
CUST101466,25,106.56,0.39,0,116,10,1065.6,0,0
CUST101467,33,45.06,0.64,0,188,21,946.26,0,0
CUST101468,47,63.48,0.39,1,57,18,1142.64,0,0
CUST101469,40,82.51,0.26,0,251,10,825.1,0,1
CUST101470,60,134.87,0.51,1,384,31,4180.97,0,1
CUST101471,43,168.3,0.31,0,150,13,2187.9,0,0
CUST101472,12,93.2,1.45,0,162,17,1584.4,0,0
CUST101473,44,69.5,1.38,1,120,61,4239.5,0,0
CUST101474,36,91.04,0.45,0,70,16,1456.64,0,0
CUST101475,48,101.63,0.3,0,351,14,1422.82,0,0
CUST101476,4,65.38,0.77,1,99,3,196.14,0,0
CUST101477,5,128.86,0.12,0,167,1,128.86,0,0
CUST101478,56,81.9,0.42,0,298,24,1965.6,0,0
CUST101479,37,89.93,0.3,3,151,11,989.23,0,0
CUST101480,8,94.98,1.37,0,326,11,1044.78,0,1
CUST101481,42,87.65,0.11,0,2,5,438.25,0,0
CUST101482,49,100.17,0.5,1,152,24,2404.08,0,1
CUST101483,28,56.48,0.77,0,365,22,1242.56,0,1
CUST101484,31,58.25,0.43,1,65,13,757.25,0,0
CUST101485,58,42.0,0.14,0,326,8,336.0,0,0
CUST101486,9,88.19,1.9,0,69,17,1499.23,0,0
CUST101487,54,98.37,0.46,0,121,25,2459.25,0,0
CUST101488,51,88.73,0.58,0,109,30,2661.9,0,1
CUST101489,29,125.23,0.23,0,316,7,876.61,0,1
CUST101490,14,74.83,0.43,0,247,6,448.98,0,0
CUST101491,40,95.06,0.38,0,93,15,1425.9,0,0
CUST101492,41,42.25,0.14,0,268,6,253.5,0,0
CUST101493,22,63.39,0.16,0,103,4,253.56,0,0
CUST101494,11,95.87,1.01,0,112,11,1054.57,0,0
CUST101495,23,100.47,0.24,0,321,6,602.82,0,0
CUST101496,1,66.18,0.21,0,304,0,0.0,0,1
CUST101497,46,72.85,0.45,0,344,21,1529.85,0,0
CUST101498,37,29.46,0.83,0,62,31,913.26,0,0
CUST101499,21,64.29,0.13,1,300,3,192.87,0,1
CUST101500,26,101.71,0.53,1,136,14,1423.94,0,0
CUST101501,46,92.26,0.16,0,55,7,645.82,0,0
CUST101502,36,90.02,0.12,0,108,4,360.08,0,0
CUST101503,54,76.49,0.13,0,303,7,535.43,0,0
CUST101504,23,75.21,1.0,0,258,23,1729.83,0,1
CUST101505,57,55.19,0.16,0,253,9,496.71,0,1
CUST101506,1,95.96,0.12,1,222,0,0.0,0,1
CUST101507,54,87.63,0.39,0,369,21,1840.23,0,1
CUST101508,55,89.76,1.03,1,167,57,5116.32,1,0
CUST101509,51,59.22,0.25,1,160,13,769.86,0,1
CUST101510,40,10.4,0.37,1,166,15,156.0,0,1
CUST101511,15,107.91,0.12,0,205,2,215.82,0,0
CUST101512,21,60.63,0.4,0,267,8,485.04,0,0
CUST101513,47,49.12,0.53,0,138,25,1228.0,0,0
CUST101514,9,95.8,0.52,0,368,5,479.0,0,0
CUST101515,53,63.24,0.3,0,346,16,1011.84,0,0
CUST101516,9,106.8,0.29,0,248,3,320.4,0,1
CUST101517,10,93.51,0.16,0,55,2,187.02,0,1
CUST101518,52,95.51,0.33,1,209,17,1623.67,0,0
CUST101519,57,34.02,0.15,0,17,9,306.18,0,0
CUST101520,53,111.36,0.83,0,68,44,4899.84,0,0
CUST101521,26,82.84,1.79,0,133,47,3893.48,0,0
CUST101522,41,63.92,1.85,0,188,76,4857.92,0,0
CUST101523,35,79.3,1.1,2,308,38,3013.4,0,1
CUST101524,52,21.71,0.56,1,138,29,629.59,0,1
CUST101525,25,87.26,0.7,0,174,18,1570.68,0,1
CUST101526,26,44.12,0.27,0,97,7,308.84,0,0
CUST101527,11,34.42,0.6,0,171,7,240.94,0,0
CUST101528,38,29.33,0.4,1,154,15,439.95,0,1
CUST101529,2,108.38,0.43,0,183,1,108.38,0,0
CUST101530,7,56.12,0.81,0,242,6,336.72,0,1
CUST101531,18,121.01,0.27,0,304,5,605.05,0,0
CUST101532,27,58.93,0.29,1,285,8,471.44,0,0
CUST101533,34,23.78,1.39,0,27,47,1117.66,0,0
CUST101534,27,41.5,0.13,0,360,4,166.0,0,0
CUST101535,17,112.07,0.43,0,60,7,784.49,0,0
CUST101536,43,70.32,1.32,0,202,57,4008.24,0,0
CUST101537,59,58.55,0.57,0,250,34,1990.7,0,1
CUST101538,44,79.8,0.5,0,362,22,1755.6,0,1
CUST101539,59,90.05,0.24,0,69,14,1260.7,0,0
CUST101540,51,108.52,0.31,0,370,16,1736.32,0,1
CUST101541,54,118.45,1.06,0,21,57,6751.65,1,0
CUST101542,24,64.21,0.51,0,152,12,770.52,0,0
CUST101543,25,35.22,0.46,0,102,12,422.64,0,0
CUST101544,7,62.6,0.15,1,387,1,62.6,0,1
CUST101545,52,82.81,0.11,1,95,6,496.86,0,0
CUST101546,6,46.09,1.76,1,361,11,506.99,0,1
CUST101547,53,46.29,0.34,0,229,18,833.22,0,1
CUST101548,24,85.31,0.56,1,125,13,1109.03,0,0
CUST101549,33,73.54,0.14,0,258,5,367.7,0,0
CUST101550,49,75.98,0.67,0,322,33,2507.34,0,0
CUST101551,29,52.25,1.45,0,369,42,2194.5,0,1
CUST101552,43,68.09,0.53,1,236,23,1566.07,0,0
CUST101553,22,47.27,0.17,0,162,4,189.08,0,0
CUST101554,26,101.71,0.54,0,42,14,1423.94,0,0
CUST101555,28,106.06,0.83,0,276,23,2439.38,0,0
CUST101556,50,19.61,0.36,0,353,18,352.98,0,1
CUST101557,21,47.11,1.16,0,68,24,1130.64,0,0
CUST101558,49,30.1,0.62,0,173,30,903.0,0,0
CUST101559,7,55.5,1.25,0,331,9,499.5,0,0
CUST101560,17,72.5,0.59,1,125,10,725.0,0,1
CUST101561,20,31.51,0.17,0,170,3,94.53,0,0
CUST101562,41,47.34,0.29,0,47,12,568.08,0,0
CUST101563,49,44.88,0.21,0,261,10,448.8,0,0
CUST101564,20,81.22,1.3,1,217,26,2111.72,0,0
CUST101565,54,77.08,0.81,0,305,44,3391.52,0,0
CUST101566,22,53.35,0.66,1,124,15,800.25,0,0
CUST101567,28,80.3,0.28,0,293,8,642.4,0,0
CUST101568,40,58.6,0.2,0,162,8,468.8,0,1
CUST101569,49,66.85,0.81,0,201,40,2674.0,0,0
CUST101570,7,125.2,0.42,0,275,3,375.6,0,1
CUST101571,1,115.21,0.23,1,206,0,0.0,0,0
CUST101572,32,36.01,0.58,1,40,19,684.19,0,0
CUST101573,13,99.89,0.12,0,273,2,199.78,0,1
CUST101574,30,99.34,0.3,0,188,9,894.06,0,0
CUST101575,23,40.55,0.42,0,355,10,405.5,0,0
CUST101576,51,99.56,0.18,1,93,9,896.04,0,1
CUST101577,59,121.14,2.19,0,42,129,15627.06,1,0
CUST101578,56,41.32,0.22,0,379,12,495.84,0,0
CUST101579,19,47.47,0.17,0,107,3,142.41,0,1
CUST101580,32,105.53,0.21,0,328,7,738.71,0,0
CUST101581,30,83.14,0.83,0,65,25,2078.5,0,0
CUST101582,29,91.54,0.38,0,365,11,1006.94,0,0
CUST101583,49,85.22,0.52,0,309,25,2130.5,0,1
CUST101584,45,86.72,0.11,0,135,5,433.6,0,0
CUST101585,29,35.21,0.12,0,389,3,105.63,0,1
CUST101586,30,106.42,0.4,0,24,12,1277.04,0,0
CUST101587,16,110.09,0.95,0,28,15,1651.35,0,0
CUST101588,40,68.12,1.18,0,62,47,3201.64,0,0
CUST101589,19,73.7,0.15,0,273,3,221.1,0,0
CUST101590,18,29.07,0.49,0,229,9,261.63,0,0
CUST101591,1,90.43,1.32,0,20,1,90.43,0,0
CUST101592,14,92.16,0.35,0,3,5,460.8,0,0
CUST101593,51,73.13,0.98,0,218,50,3656.5,0,0
CUST101594,47,108.73,0.17,0,399,8,869.84,0,0
CUST101595,50,64.98,1.47,1,307,74,4808.52,0,0
CUST101596,2,91.94,0.8,1,136,2,183.88,0,0
CUST101597,54,44.41,1.52,0,397,82,3641.62,0,0
CUST101598,28,74.29,0.66,0,3,18,1337.22,0,0
CUST101599,49,69.77,0.33,0,193,16,1116.32,0,0
CUST101600,50,81.76,1.49,0,73,74,6050.24,1,0
CUST101601,30,63.91,0.26,0,361,8,511.28,0,1
CUST101602,38,71.06,0.3,1,118,11,781.66,0,1
CUST101603,51,99.78,0.7,0,154,36,3592.08,0,0
CUST101604,4,61.9,0.82,0,209,3,185.7,0,0
CUST101605,1,26.8,1.43,0,34,1,26.8,0,1
CUST101606,8,127.49,0.21,0,137,2,254.98,0,0
CUST101607,29,116.44,0.9,1,318,26,3027.44,0,0
CUST101608,55,36.23,0.77,1,120,42,1521.66,0,0
CUST101609,39,95.69,0.13,1,115,5,478.45,0,0
CUST101610,3,59.91,0.34,0,13,1,59.91,0,0
CUST101611,32,82.9,0.27,0,69,9,746.1,0,0
CUST101612,10,83.83,0.28,1,333,3,251.49,0,1
CUST101613,10,67.97,2.14,0,257,21,1427.37,0,0
CUST101614,19,51.49,0.61,0,89,12,617.88,0,0
CUST101615,46,54.28,0.73,1,47,34,1845.52,0,0
CUST101616,34,47.51,1.98,0,260,67,3183.17,0,0
CUST101617,60,50.05,0.34,0,228,20,1001.0,0,0
CUST101618,33,72.98,0.91,0,180,30,2189.4,0,0
CUST101619,23,53.53,0.39,1,10,9,481.77,0,0
CUST101620,55,95.46,1.12,0,284,62,5918.52,1,0
CUST101621,28,119.62,0.2,0,377,6,717.72,0,0
CUST101622,32,57.6,1.58,1,126,51,2937.6,0,0
CUST101623,50,82.18,0.22,1,134,11,903.98,0,0
CUST101624,7,89.99,0.3,0,155,2,179.98,0,0
CUST101625,29,89.16,0.81,1,248,23,2050.68,0,0
CUST101626,8,77.28,0.35,0,140,3,231.84,0,0
CUST101627,1,97.28,0.57,0,318,1,97.28,0,0
CUST101628,57,89.47,0.39,0,176,22,1968.34,0,0
CUST101629,55,37.87,0.78,0,323,43,1628.41,0,0
CUST101630,3,101.07,0.23,2,174,1,101.07,0,0
CUST101631,24,101.62,0.13,0,74,3,304.86,0,0
CUST101632,23,52.1,0.28,0,351,6,312.6,0,0
CUST101633,59,76.14,0.42,0,143,25,1903.5,0,1
CUST101634,8,95.5,0.19,0,292,2,191.0,0,1
CUST101635,54,68.72,0.32,1,398,17,1168.24,0,1
CUST101636,57,107.19,0.36,1,112,21,2250.99,0,0
CUST101637,47,145.92,0.13,0,206,6,875.52,0,0
CUST101638,37,51.42,0.54,0,131,20,1028.4,0,0
CUST101639,3,33.57,1.18,0,369,4,134.28,0,1
CUST101640,51,84.11,0.18,0,110,9,756.99,0,0
CUST101641,33,96.65,0.56,1,370,18,1739.7,0,0
CUST101642,28,68.07,0.65,1,67,18,1225.26,0,0
CUST101643,47,118.6,0.37,1,382,17,2016.2,0,1
CUST101644,8,34.84,0.7,1,86,6,209.04,0,0
CUST101645,34,95.79,0.36,1,275,12,1149.48,0,0
CUST101646,35,56.82,0.45,0,227,16,909.12,0,0
CUST101647,32,126.58,0.1,0,325,3,379.74,0,0
CUST101648,24,134.78,0.69,0,10,17,2291.26,0,0
CUST101649,14,52.0,0.64,1,397,9,468.0,0,1
CUST101650,32,58.51,0.12,0,384,4,234.04,0,1
CUST101651,56,100.79,0.33,0,355,18,1814.22,0,1
CUST101652,46,63.39,2.03,0,288,93,5895.27,1,0
CUST101653,43,73.64,0.37,1,112,16,1178.24,0,0
CUST101654,16,75.76,0.45,0,24,7,530.32,0,0
CUST101655,4,17.41,1.3,1,291,5,87.05,0,0
CUST101656,52,74.58,0.73,0,339,38,2834.04,0,0
CUST101657,37,54.31,0.54,0,326,20,1086.2,0,1
CUST101658,54,60.21,0.9,0,168,49,2950.29,0,0
CUST101659,21,118.31,1.1,0,109,23,2721.13,0,0
CUST101660,14,37.3,0.41,0,190,6,223.8,0,0
CUST101661,31,99.4,0.42,0,355,13,1292.2,0,1
CUST101662,55,66.63,0.34,0,196,19,1265.97,0,0
CUST101663,48,66.61,1.8,0,33,86,5728.46,1,0
CUST101664,18,98.71,0.7,0,205,13,1283.23,0,0
CUST101665,7,85.2,0.14,1,312,1,85.2,0,1
CUST101666,10,92.12,1.09,0,182,11,1013.32,0,0
CUST101667,7,104.05,0.43,0,147,3,312.15,0,0
CUST101668,33,65.06,0.14,0,268,5,325.3,0,0
CUST101669,23,56.63,0.5,0,11,12,679.56,0,0
CUST101670,21,42.45,0.37,0,70,8,339.6,0,0
CUST101671,19,50.24,1.15,0,256,22,1105.28,0,0
CUST101672,48,163.47,0.21,1,396,10,1634.7,0,1
CUST101673,19,112.34,0.98,2,219,19,2134.46,0,1
CUST101674,36,34.47,0.51,0,297,18,620.46,0,1
CUST101675,29,35.33,0.13,0,362,4,141.32,0,0
CUST101676,60,89.46,1.89,0,259,113,10108.98,1,0
CUST101677,18,91.42,0.46,0,3,8,731.36,0,0
CUST101678,2,91.47,0.27,0,84,1,91.47,0,0
CUST101679,1,67.35,0.42,0,156,0,0.0,0,1
CUST101680,47,71.24,1.08,0,151,51,3633.24,0,1
CUST101681,5,84.84,0.28,0,176,1,84.84,0,0
CUST101682,20,77.58,0.21,0,195,4,310.32,0,1
CUST101683,11,8.42,0.17,0,107,2,16.84,0,0
CUST101684,42,68.11,0.28,0,134,12,817.32,0,0
CUST101685,2,49.46,0.86,0,276,2,98.92,0,0
CUST101686,3,80.26,0.42,0,395,1,80.26,0,0
CUST101687,23,164.56,0.23,0,352,5,822.8,0,1
CUST101688,55,86.02,0.19,0,380,10,860.2,0,1
CUST101689,12,65.59,0.3,0,155,4,262.36,0,1
CUST101690,20,102.65,1.51,0,277,30,3079.5,0,0
CUST101691,5,89.48,0.31,1,236,2,178.96,0,0
CUST101692,37,87.6,2.32,0,240,86,7533.6,1,0
CUST101693,38,93.21,0.43,0,370,16,1491.36,0,1
CUST101694,30,136.7,0.2,0,13,6,820.2,0,0
CUST101695,9,41.07,1.21,1,342,11,451.77,0,1
CUST101696,34,89.21,0.41,1,35,14,1248.94,0,0
CUST101697,53,47.21,0.72,0,47,38,1793.98,0,0
CUST101698,44,91.67,2.16,1,214,95,8708.65,1,0
CUST101699,35,47.44,0.13,0,146,5,237.2,0,0
CUST101700,52,62.48,0.15,0,159,8,499.84,0,0
CUST101701,58,66.15,0.74,0,125,43,2844.45,0,0
CUST101702,22,104.27,0.27,0,110,6,625.62,0,0
CUST101703,44,102.55,0.2,0,37,9,922.95,0,0
CUST101704,24,37.63,0.12,0,277,3,112.89,0,0
CUST101705,17,76.65,0.11,0,14,2,153.3,0,0
CUST101706,10,53.71,0.84,1,347,8,429.68,0,1
CUST101707,30,37.24,0.17,0,232,5,186.2,0,0
CUST101708,56,68.49,0.42,0,316,24,1643.76,0,0
CUST101709,59,65.75,0.57,0,124,34,2235.5,0,0
CUST101710,46,147.8,0.38,0,279,17,2512.6,0,1
CUST101711,23,87.99,0.11,1,111,3,263.97,0,0
CUST101712,32,33.67,0.87,0,124,28,942.76,0,0
CUST101713,17,58.06,0.11,0,30,2,116.12,0,0
CUST101714,50,105.64,0.82,0,115,41,4331.24,0,0
CUST101715,51,137.65,1.22,1,90,62,8534.3,1,0
CUST101716,17,27.42,0.38,0,212,6,164.52,0,0
CUST101717,14,18.6,0.48,0,38,7,130.2,0,0
CUST101718,9,131.13,0.42,0,83,4,524.52,0,0
CUST101719,40,86.69,0.35,0,27,14,1213.66,0,0
CUST101720,2,48.95,1.19,0,217,2,97.9,0,1
CUST101721,45,91.04,1.22,0,360,55,5007.2,1,0
CUST101722,25,5.0,0.3,0,372,8,40.0,0,1
CUST101723,39,75.1,0.58,0,215,23,1727.3,0,1
CUST101724,9,84.83,1.41,2,221,13,1102.79,0,0
CUST101725,54,102.73,1.74,0,15,94,9656.62,1,0
CUST101726,22,44.58,0.46,0,259,10,445.8,0,0
CUST101727,43,77.57,0.4,0,266,17,1318.69,0,0
CUST101728,46,47.24,0.26,0,120,12,566.88,0,0
CUST101729,4,82.66,1.7,0,128,7,578.62,0,0
CUST101730,26,48.14,0.18,2,211,5,240.7,0,0
CUST101731,58,62.76,0.53,0,11,31,1945.56,0,0
CUST101732,29,45.13,0.27,0,176,8,361.04,0,0
CUST101733,45,94.53,0.26,0,133,12,1134.36,0,0
CUST101734,34,100.75,0.36,0,325,12,1209.0,0,0
CUST101735,23,67.96,3.46,0,320,80,5436.8,1,0
CUST101736,37,76.15,0.13,1,14,5,380.75,0,0
CUST101737,11,31.54,0.53,0,50,6,189.24,0,0
CUST101738,6,66.01,0.14,0,72,1,66.01,0,0
CUST101739,18,73.49,0.18,0,69,3,220.47,0,0
CUST101740,21,153.62,0.39,0,391,8,1228.96,0,0
CUST101741,42,41.64,0.46,1,383,19,791.16,0,1
CUST101742,36,118.93,0.25,0,16,9,1070.37,0,0
CUST101743,41,104.91,0.29,0,334,12,1258.92,0,1
CUST101744,38,83.42,0.15,0,357,6,500.52,0,1
CUST101745,34,127.76,0.28,1,56,10,1277.6,0,0
CUST101746,17,86.16,1.8,1,105,31,2670.96,0,0
CUST101747,37,86.67,1.55,0,132,57,4940.19,0,0
CUST101748,25,73.41,0.3,0,48,8,587.28,0,0
CUST101749,38,111.71,0.52,0,248,20,2234.2,0,1
CUST101750,58,107.89,1.3,0,273,75,8091.75,1,0
CUST101751,12,56.23,0.1,1,111,1,56.23,0,0
CUST101752,23,35.42,0.93,0,326,21,743.82,0,1
CUST101753,53,68.91,1.58,0,336,84,5788.44,1,0
CUST101754,42,51.0,0.15,0,349,6,306.0,0,0
CUST101755,22,73.09,0.19,0,38,4,292.36,0,0
CUST101756,21,112.12,1.72,0,357,36,4036.32,0,0
CUST101757,27,61.28,0.49,0,240,13,796.64,0,0
CUST101758,57,73.72,0.11,0,318,6,442.32,0,1
CUST101759,31,76.74,0.25,0,121,8,613.92,0,0
CUST101760,6,100.45,0.4,0,48,2,200.9,0,0
CUST101761,27,7.59,0.69,0,10,19,144.21,0,0
CUST101762,40,56.8,0.76,0,233,30,1704.0,0,0
CUST101763,34,81.34,2.79,1,36,95,7727.3,1,0
CUST101764,12,111.0,0.27,0,4,3,333.0,0,0
CUST101765,45,60.24,0.49,0,44,22,1325.28,0,1
CUST101766,57,18.7,0.48,0,56,27,504.9,0,0
CUST101767,53,93.59,0.36,1,42,19,1778.21,0,0
CUST101768,7,55.94,0.19,2,255,1,55.94,0,0
CUST101769,10,39.31,2.0,0,228,20,786.2,0,0
CUST101770,45,56.27,1.06,0,114,48,2700.96,0,1
CUST101771,17,69.46,0.44,0,237,7,486.22,0,1
CUST101772,26,56.86,0.56,0,397,15,852.9,0,0
CUST101773,21,8.83,0.23,0,174,5,44.15,0,0
CUST101774,28,101.91,0.49,0,255,14,1426.74,0,0
CUST101775,58,113.25,0.69,0,277,40,4530.0,0,1
CUST101776,46,94.55,0.46,0,335,21,1985.55,0,0
CUST101777,2,40.87,2.42,1,69,5,204.35,0,0
CUST101778,60,68.96,0.57,1,326,34,2344.64,0,0
CUST101779,54,74.8,0.33,0,230,18,1346.4,0,0
CUST101780,43,92.96,0.84,0,67,36,3346.56,0,0
CUST101781,1,95.05,0.19,0,304,0,0.0,0,0
CUST101782,51,52.97,0.34,0,36,17,900.49,0,0
CUST101783,53,77.46,0.31,0,159,16,1239.36,0,0
CUST101784,36,88.72,0.38,1,149,14,1242.08,0,0
CUST101785,51,118.67,0.86,0,27,44,5221.48,1,0
CUST101786,26,96.14,0.43,1,72,11,1057.54,0,0
CUST101787,29,98.67,0.89,0,248,26,2565.42,0,0
CUST101788,21,77.51,0.53,0,101,11,852.61,0,0
CUST101789,11,117.31,0.31,1,190,3,351.93,0,0
CUST101790,40,87.29,0.93,0,96,37,3229.73,0,0
CUST101791,11,49.17,0.24,0,384,3,147.51,0,0
CUST101792,36,117.1,0.23,1,282,8,936.8,0,0
CUST101793,49,95.94,0.45,1,322,22,2110.68,0,1
CUST101794,59,61.71,0.25,1,396,15,925.65,0,0
CUST101795,39,60.62,0.1,0,278,4,242.48,0,0
CUST101796,40,83.9,0.62,1,17,25,2097.5,0,0
CUST101797,35,88.9,0.46,0,263,16,1422.4,0,0
CUST101798,54,80.92,0.39,0,107,21,1699.32,0,0
CUST101799,34,84.34,1.81,0,68,62,5229.08,1,0
CUST101800,55,126.0,0.52,0,128,29,3654.0,0,0
CUST101801,47,107.15,1.1,0,293,52,5571.8,1,0
CUST101802,24,80.72,0.18,0,294,4,322.88,0,0
CUST101803,54,103.24,0.52,0,96,28,2890.72,0,0
CUST101804,22,44.02,1.11,0,395,24,1056.48,0,0
CUST101805,5,86.94,0.54,0,1,3,260.82,0,0
CUST101806,56,129.28,0.73,0,298,41,5300.48,1,0
CUST101807,33,68.46,0.33,0,180,11,753.06,0,0
CUST101808,58,49.57,0.15,0,181,9,446.13,0,1
CUST101809,36,55.44,0.41,1,235,15,831.6,0,0
CUST101810,47,42.31,0.35,1,319,16,676.96,0,0
CUST101811,20,51.46,1.11,1,337,22,1132.12,0,1
CUST101812,19,63.88,0.24,1,8,5,319.4,0,1
CUST101813,35,32.83,1.8,0,27,63,2068.29,0,0
CUST101814,52,75.47,1.69,0,308,88,6641.36,1,0
CUST101815,43,102.07,0.24,0,146,10,1020.7,0,0
CUST101816,17,47.77,0.31,0,91,5,238.85,0,1
CUST101817,59,120.58,1.23,0,342,73,8802.34,1,0
CUST101818,45,90.32,1.8,0,272,81,7315.92,1,0
CUST101819,43,105.92,0.39,0,322,17,1800.64,0,1
CUST101820,34,55.26,0.29,0,5,10,552.6,0,0
CUST101821,9,100.64,0.47,0,82,4,402.56,0,0
CUST101822,26,42.24,0.68,0,387,18,760.32,0,1
CUST101823,2,101.71,0.26,1,219,1,101.71,0,0
CUST101824,53,80.16,0.77,0,118,41,3286.56,0,0
CUST101825,9,91.6,0.13,0,81,1,91.6,0,0
CUST101826,9,39.73,0.13,0,70,1,39.73,0,0
CUST101827,40,48.15,0.34,0,115,14,674.1,0,0
CUST101828,17,92.92,0.32,1,263,5,464.6,0,0
CUST101829,1,46.55,0.29,1,306,0,0.0,0,0
CUST101830,25,88.9,0.44,0,142,11,977.9,0,1
CUST101831,43,33.99,0.29,0,207,12,407.88,0,0
CUST101832,40,100.45,0.21,1,111,8,803.6,0,0
CUST101833,42,38.02,0.29,0,303,12,456.24,0,1
CUST101834,25,91.57,1.94,1,112,48,4395.36,0,0
CUST101835,39,93.77,0.36,0,43,14,1312.78,0,0
CUST101836,35,54.1,0.39,1,347,14,757.4,0,1
CUST101837,3,92.46,0.53,0,285,2,184.92,0,0
CUST101838,50,82.81,2.15,0,128,108,8943.48,1,0
CUST101839,37,58.83,0.24,0,185,9,529.47,0,0
CUST101840,44,44.74,0.67,0,229,29,1297.46,0,1
CUST101841,44,16.12,0.73,0,389,32,515.84,0,0
CUST101842,51,85.49,0.57,0,221,29,2479.21,0,0
CUST101843,30,28.06,0.15,0,352,4,112.24,0,1
CUST101844,38,77.86,0.66,2,117,25,1946.5,0,1
CUST101845,34,67.1,0.13,0,70,4,268.4,0,0
CUST101846,12,95.37,0.55,1,386,7,667.59,0,1
CUST101847,19,65.94,0.77,0,70,15,989.1,0,0
CUST101848,37,65.12,0.22,1,110,8,520.96,0,0
CUST101849,44,96.96,1.02,0,132,45,4363.2,0,0
CUST101850,59,85.05,0.12,0,56,7,595.35,0,0
CUST101851,59,84.48,1.03,0,89,61,5153.28,1,0
CUST101852,49,89.08,0.41,0,137,20,1781.6,0,1
CUST101853,17,28.93,0.22,0,131,4,115.72,0,0
CUST101854,10,97.7,0.17,0,218,2,195.4,0,0
CUST101855,57,93.37,1.63,0,176,93,8683.41,1,0
CUST101856,55,44.5,0.14,1,171,8,356.0,0,0
CUST101857,49,67.68,0.21,0,100,10,676.8,0,0
CUST101858,47,73.82,0.31,1,129,15,1107.3,0,1
CUST101859,12,70.97,0.58,0,57,7,496.79,0,0
CUST101860,16,85.02,0.49,0,181,8,680.16,0,0
CUST101861,24,117.94,0.17,0,246,4,471.76,0,0
CUST101862,19,107.45,0.27,0,144,5,537.25,0,0
CUST101863,8,35.63,0.24,0,51,2,71.26,0,0
CUST101864,31,93.66,0.22,0,368,7,655.62,0,1
CUST101865,21,114.87,0.36,0,218,8,918.96,0,0
CUST101866,17,86.6,0.71,0,104,12,1039.2,0,0
CUST101867,23,107.73,0.22,1,383,5,538.65,0,1
CUST101868,37,135.37,0.33,0,55,12,1624.44,0,1
CUST101869,54,105.71,0.35,0,257,19,2008.49,0,1
CUST101870,16,82.48,1.97,0,346,32,2639.36,0,0
CUST101871,6,106.35,1.65,1,156,10,1063.5,0,1
CUST101872,8,79.35,0.91,0,53,7,555.45,0,0
CUST101873,25,75.72,0.24,1,329,6,454.32,0,0
CUST101874,18,64.46,0.14,0,187,3,193.38,0,0
CUST101875,25,121.9,0.29,0,364,7,853.3,0,0
CUST101876,12,50.45,0.26,1,150,3,151.35,0,1
CUST101877,15,120.97,0.45,0,264,7,846.79,0,1
CUST101878,59,90.0,0.85,0,250,50,4500.0,0,0
CUST101879,26,33.02,1.08,0,298,28,924.56,0,0
CUST101880,41,86.03,1.03,1,211,42,3613.26,0,0
CUST101881,45,12.0,0.32,0,25,14,168.0,0,0
CUST101882,26,93.77,0.68,0,294,18,1687.86,0,1
CUST101883,47,101.56,0.29,1,341,14,1421.84,0,0
CUST101884,32,57.23,0.13,1,152,4,228.92,0,0
CUST101885,10,78.71,0.7,0,24,7,550.97,0,0
CUST101886,16,133.62,0.1,0,252,2,267.24,0,1
CUST101887,7,59.83,0.36,0,60,3,179.49,0,0
CUST101888,17,43.23,0.3,1,367,5,216.15,0,0
CUST101889,23,119.45,0.69,0,66,16,1911.2,0,0
CUST101890,26,133.88,0.83,1,398,22,2945.36,0,1
CUST101891,21,75.11,0.28,0,53,6,450.66,0,0
CUST101892,22,105.34,0.93,0,106,20,2106.8,0,0
CUST101893,58,115.24,0.27,0,96,16,1843.84,0,0
CUST101894,7,52.73,0.4,1,176,3,158.19,0,1
CUST101895,14,60.44,0.75,0,39,10,604.4,0,0
CUST101896,15,111.93,0.69,1,168,10,1119.3,0,0
CUST101897,53,125.55,2.29,2,42,121,15191.55,1,0
CUST101898,7,91.89,0.23,0,367,2,183.78,0,0
CUST101899,9,48.61,0.64,0,104,6,291.66,0,0
CUST101900,51,134.61,0.57,0,333,29,3903.69,0,1
CUST101901,48,59.07,1.33,0,204,64,3780.48,0,1
CUST101902,8,64.95,0.19,0,8,2,129.9,0,0
CUST101903,50,85.27,0.8,0,282,40,3410.8,0,0
CUST101904,59,121.62,0.52,1,396,31,3770.22,0,0
CUST101905,23,100.62,0.26,0,43,6,603.72,0,0
CUST101906,29,87.45,0.42,0,110,12,1049.4,0,0
CUST101907,18,88.9,0.3,1,210,5,444.5,0,0
CUST101908,31,76.31,0.53,1,237,16,1220.96,0,0
CUST101909,30,91.74,1.2,0,356,36,3302.64,0,1
CUST101910,52,5.0,0.52,0,319,27,135.0,0,0
CUST101911,39,66.1,0.6,0,49,23,1520.3,0,0
CUST101912,35,82.24,0.47,0,115,16,1315.84,0,0
CUST101913,18,40.47,0.13,0,155,2,80.94,0,1
CUST101914,59,86.59,0.23,0,137,14,1212.26,0,0
CUST101915,42,68.87,0.44,1,167,18,1239.66,0,0
CUST101916,39,127.66,0.29,1,321,11,1404.26,0,0
CUST101917,17,122.19,0.2,0,199,3,366.57,0,0
CUST101918,14,61.03,0.45,0,71,6,366.18,0,0
CUST101919,31,70.47,0.29,0,7,9,634.23,0,0
CUST101920,24,72.78,0.25,0,200,6,436.68,0,0
CUST101921,35,61.45,0.41,0,336,14,860.3,0,0
CUST101922,44,80.85,0.17,0,67,7,565.95,0,0
CUST101923,60,52.25,1.41,0,138,85,4441.25,0,0
CUST101924,45,41.08,1.11,0,242,50,2054.0,0,0
CUST101925,34,93.68,0.71,1,213,24,2248.32,0,1
CUST101926,3,93.89,0.16,0,181,0,0.0,0,1
CUST101927,37,50.87,0.85,0,254,31,1576.97,0,0
CUST101928,43,101.86,0.93,0,101,40,4074.4,0,0
CUST101929,40,56.05,0.83,0,351,33,1849.65,0,0
CUST101930,26,82.59,0.16,0,87,4,330.36,0,0
CUST101931,55,99.61,0.62,0,185,34,3386.74,0,0
CUST101932,23,73.99,1.0,0,91,23,1701.77,0,0
CUST101933,44,88.64,0.53,0,248,23,2038.72,0,0
CUST101934,39,59.51,0.62,0,214,24,1428.24,0,0
CUST101935,15,69.11,0.41,0,359,6,414.66,0,0
CUST101936,56,68.82,0.48,1,249,27,1858.14,0,0
CUST101937,49,52.6,0.12,0,126,6,315.6,0,0
CUST101938,4,69.7,0.61,2,369,2,139.4,0,0
CUST101939,29,28.54,0.14,0,4,4,114.16,0,0
CUST101940,22,60.27,0.39,1,88,9,542.43,0,1
CUST101941,25,66.45,0.27,1,151,7,465.15,0,0
CUST101942,13,67.31,0.49,0,176,6,403.86,0,0
CUST101943,18,67.76,0.17,0,211,3,203.28,0,0
CUST101944,33,73.15,0.69,0,259,23,1682.45,0,0
CUST101945,16,89.38,0.89,2,91,14,1251.32,0,0
CUST101946,45,101.24,0.19,0,259,9,911.16,0,0
CUST101947,42,55.51,0.16,1,191,7,388.57,0,0
CUST101948,44,38.9,0.18,0,81,8,311.2,0,0
CUST101949,2,43.74,1.15,0,138,2,87.48,0,0
CUST101950,55,60.38,0.48,1,350,26,1569.88,0,1
CUST101951,35,64.44,0.41,0,126,14,902.16,0,0
CUST101952,42,51.9,0.16,0,369,7,363.3,0,1
CUST101953,34,36.12,0.62,1,356,21,758.52,0,0
CUST101954,30,61.32,1.11,0,309,33,2023.56,0,1
CUST101955,59,80.44,0.98,0,343,58,4665.52,0,0
CUST101956,55,92.85,0.59,0,230,32,2971.2,0,0
CUST101957,13,58.28,0.14,0,345,2,116.56,0,0
CUST101958,13,62.61,0.16,0,310,2,125.22,0,1
CUST101959,18,47.2,0.13,0,20,2,94.4,0,0
CUST101960,32,74.06,0.25,0,369,8,592.48,0,0
CUST101961,32,49.55,0.17,0,49,5,247.75,0,0
CUST101962,35,92.19,0.25,0,135,9,829.71,0,1
CUST101963,59,21.42,0.34,0,29,20,428.4,0,0
CUST101964,39,64.21,1.53,0,48,60,3852.6,0,0
CUST101965,46,84.03,0.57,0,269,26,2184.78,0,0
CUST101966,52,80.52,1.0,0,3,52,4187.04,0,0
CUST101967,29,155.79,0.72,2,258,21,3271.59,0,1
CUST101968,49,85.49,0.16,1,16,8,683.92,0,0
CUST101969,29,44.88,0.77,1,94,22,987.36,0,1
CUST101970,53,72.14,0.26,0,358,14,1009.96,0,1
CUST101971,44,21.71,0.61,0,134,27,586.17,0,0
CUST101972,57,72.58,0.31,0,301,18,1306.44,0,1
CUST101973,16,50.01,3.13,1,327,50,2500.5,0,0
CUST101974,56,102.46,0.25,0,133,14,1434.44,0,0
CUST101975,44,58.51,0.26,0,312,11,643.61,0,1
CUST101976,47,71.5,1.43,0,383,67,4790.5,0,0
CUST101977,57,55.93,0.11,0,32,6,335.58,0,0
CUST101978,10,127.17,0.7,0,305,7,890.19,0,0
CUST101979,30,65.36,0.75,1,269,22,1437.92,0,0
CUST101980,25,129.98,1.01,0,25,25,3249.5,0,0
CUST101981,39,99.42,1.93,1,316,75,7456.5,1,0
CUST101982,20,89.46,1.96,0,59,39,3488.94,0,0
CUST101983,5,86.06,0.13,0,213,1,86.06,0,0
CUST101984,1,86.81,0.96,1,156,1,86.81,0,0
CUST101985,30,17.17,0.62,2,314,19,326.23,0,1
CUST101986,49,66.63,0.62,0,276,30,1998.9,0,0
CUST101987,3,100.35,0.17,0,389,1,100.35,0,0
CUST101988,45,73.53,0.63,0,210,28,2058.84,0,0
CUST101989,14,32.84,2.12,2,57,30,985.2,0,0
CUST101990,56,73.43,1.31,0,185,73,5360.39,1,0
CUST101991,30,126.12,0.39,0,54,12,1513.44,0,0
CUST101992,50,112.41,0.12,0,209,6,674.46,0,0
CUST101993,4,73.14,0.32,0,368,1,73.14,0,1
CUST101994,18,103.54,0.98,0,342,18,1863.72,0,0
CUST101995,37,64.0,0.7,0,293,26,1664.0,0,1
CUST101996,25,23.88,0.41,0,340,10,238.8,0,1
CUST101997,48,47.27,0.13,0,304,6,283.62,0,1
CUST101998,1,121.89,0.38,1,252,0,0.0,0,0
CUST101999,53,66.78,0.42,0,374,22,1469.16,0,0
